siren,nom,ville,code_postal,departement,date_parution,date_jugement,nature_jugement,famille_jugement,bodacc_id
909072738,Genette Club,La Rochelle,17000,17,2025-06-15,2025-06-10,Jugement d'ouverture de liquidation judiciaire,Jugement d'ouverture,A202501132173
851794099,BEACH CLUB,Paris,75018,75,2025-07-08,2025-06-20,Jugement d'ouverture de liquidation judiciaire,Jugement d'ouverture,A202501293723
450815451,CLUB HIPPIQUE DE CARNOUX EN PROVENCE,Carnoux-en-Provence,13470,13,2024-10-10,2024-10-07,Jugement d'ouverture d'une procédure de redressement judiciaire,Jugement d'ouverture,A202401972190
883785974,UNION VISUAL,Acigné,35690,35,2025-12-21,2025-12-10,Jugement d'ouverture de liquidation judiciaire,Jugement d'ouverture,A202502452841
442374328,LA MAISON DES COIFFEURS,Neuville Saint-Remy,59554,59,2024-05-26,2024-05-15,Jugement prononçant la résolution du plan de redressement et la liquidation judiciaire,Extrait de jugement,A202401001685
931589923,TOM'S CLUB,Saint-Denis,97400,974,2026-04-30,2026-04-21,Jugement d'ouverture d'une procédure de redressement judiciaire,Jugement d'ouverture,A202600837417
484652284,ANNECY TRAMPOLINE CLUB DE SPORT,ANNECY,74000,74,2026-04-29,2026-04-10,Autre jugement et ordonnance,Extrait de jugement,A202600821578
885130914,SLIDE EAT CLUB,Bruges,33520,33,2024-12-06,2024-11-27,Jugement d'ouverture d'une procédure de redressement judiciaire,Jugement d'ouverture,A202402362052
822097879,MY FITNESS CLUB,Marseille 13e Arrondissement,13013,13,2023-08-13,2023-08-09,Jugement d'ouverture d'une procédure de redressement judiciaire,Jugement d'ouverture,A202301551833
807737150,THE CLUB,Cergy,95000,95,2025-03-19,2025-03-10,Jugement d'ouverture de liquidation judiciaire,Jugement d'ouverture,A202500552777
753350248,MOTO CLUB DE BOADE,SENEZ,04330,04,2026-04-24,2026-04-09,Autre jugement et ordonnance,Extrait de jugement,A202600793049
419508379,Fédération nationale des réservistes opérationnels et citoyens de la gendarmerie natioanale - Sigle : ANORGEND -,Paris,75002,75,2025-06-20,2025-06-04,Jugement d'ouverture de liquidation judiciaire,Jugement d'ouverture,A202501171558
851877167,MJC,Boulogne-sur-Mer,62200,62,2024-07-09,2024-06-27,Jugement d'ouverture d'une procédure de redressement judiciaire,Jugement d'ouverture,A202401313182
994914570,HB Fitness Club,Montgermont,35760,35,2026-04-19,2026-04-08,Jugement d'ouverture de liquidation judiciaire,Jugement d'ouverture,A202600752443
504471640,BATTLING CLUB,Paris,75010,75,2024-02-29,2024-02-13,Jugement d'ouverture d'une procédure de redressement judiciaire,Jugement d'ouverture,A202400422562
479612392,URBAN FITNESS CLUB,Laval,53000,53,2024-03-12,2024-03-06,Jugement d'ouverture d'une procédure de redressement judiciaire,Jugement d'ouverture,A202400504302
383689676,HAVRE ATHLETIC CLUB HANDBALL,LE HAVRE,76600,76,2026-04-17,2026-04-13,Autre jugement et ordonnance,Extrait de jugement,A202600744133
438105785,FEDERATION ASSOCIATIVE COLUMERINE (F.A.C.),COLOMIERS,31770,31,2025-10-19,2025-10-13,Autre jugement et ordonnance,Extrait de jugement,A202502012642
927628024,LE NESS CLUB,Naves,59161,59,2026-04-16,2026-04-07,Jugement d'ouverture de liquidation judiciaire,Jugement d'ouverture,A202600732405
339422289,CMG SPORTS CLUB,Paris,75017,75,2026-04-14,2026-03-27,Jugement d'ouverture d'une procédure de redressement judiciaire,Jugement d'ouverture,A202600712410
878792589,CLUB CHAMPS ELYSEES,Paris,75017,75,2026-04-14,2026-03-27,Jugement d'ouverture d'une procédure de redressement judiciaire,Jugement d'ouverture,A202600712409
781460407,AMICALE SPORTIVE NIORTAISE,NIORT,79000,79,2026-04-12,2026-04-08,Autre jugement et ordonnance,Extrait de jugement,A202600702931
800336240,LE MANHATTAN CLUB,Magny-en-Vexin,95420,95,2024-12-24,2024-12-13,Jugement d'ouverture d'une procédure de redressement judiciaire,Jugement d'ouverture,A202402483718
437788300,UNION MUTUALISTE DE GESTION DES ETATBLISSEMENTS DU GRAND LYON,Vénissieux,69200,69,2023-08-11,2023-07-03,Jugement d'ouverture d'une procédure de redressement judiciaire,Jugement d'ouverture,A202301541606
824812317,LE CLUB DU CENTRE J&J,Agen,47000,47,2023-05-21,2023-05-17,Jugement d'ouverture de liquidation judiciaire,Jugement d'ouverture,A202300974424
311665152,MJC ALIENOR D'AQUITAINE,POITIERS,86000,86,2026-04-03,2026-03-30,Autre jugement et ordonnance,Extrait de jugement,A202600653548
499692770,CLUB DOJO ST LEU,ST LEU,97424,974,2026-04-02,2026-03-31,Autre jugement et ordonnance,Extrait de jugement,A202600643260
809741127,FAMILLES RURALES FEDERATION DE LA REUNION,LE TAMPON,97430,974,2026-01-31,2026-01-28,Autre jugement et ordonnance,Extrait de jugement,A202600213054
824648224,YACK - CONDUITE CLUB,Saint-Maur-des-Fossés,94100,94,2025-09-19,2025-09-10,Jugement d'ouverture de liquidation judiciaire,Jugement d'ouverture,A202501803341
939063145,SAS Niort Rugby Club,Niort,79000,79,2026-03-15,2026-03-12,Jugement d'ouverture d'une procédure de redressement judiciaire,Jugement d'ouverture,A202600512745
314560905,LIGUE GUADELOUPEENNE DE FOOTBALL,Pointe-à-Pitre,97110,971,2024-05-29,2025-04-29,Jugement modifiant le plan de redressement,Extrait de jugement,A202401023377
491421525,ECURIE PONEY CLUB DE L'ANTONNIERE,La Milesse,72650,72,2025-04-03,2025-03-25,Jugement d'ouverture d'une procédure de redressement judiciaire,Jugement d'ouverture,A202500663161
935121566,ALPHA CLUB MONTGENEVRE,Briançon,05100,05,2025-03-07,2025-03-05,Jugement d'ouverture de liquidation judiciaire,Jugement d'ouverture,A202500471673
323912899,COMITE DEPARTEMENTAL D’INTERVENTION ET D’ANIMATION POUR L’AUTONOMIE (CIAPA),Pau,64000,64,2024-04-24,2024-04-02,Jugement d'ouverture d'une procédure de redressement judiciaire,Jugement d'ouverture,A202400812940
952234771,CLUB 22 DANCE,Haute-Avesnes,62144,62,2026-03-27,2026-03-18,Jugement d'ouverture de liquidation judiciaire,Jugement d'ouverture,A202600601533
903850907,RECRUITER'S CLUB,Saint-Herblain,44800,44,2026-03-27,2026-03-11,Jugement d'ouverture de liquidation judiciaire,Jugement d'ouverture,A202600601391
984838532,MM CLUB,Bouaye,44830,44,2026-03-27,2026-03-11,Jugement d'ouverture de liquidation judiciaire,Jugement d'ouverture,A202600601388
878868009,CLUB ISSY LES MOULINEAUX,Paris,75017,75,2023-05-07,2023-04-20,Jugement d'ouverture d'une procédure de redressement judiciaire,Jugement d'ouverture,A202300894930
939652566,Dog-Day Club,Floirac,33270,33,2025-09-07,2025-08-28,Jugement d'ouverture de liquidation judiciaire,Jugement d'ouverture,A202501712872
519097380,COMITE DES OEUVRES SOCIALES DU PERSONNEL DU DEPARTEMENT DU TARN,ALBI,81000,81,2026-03-26,2026-03-10,Autre jugement et ordonnance,Extrait de jugement,A202600595470
840033443,LE PACHA NIGHT CLUB,Ruaudin,72230,72,2024-07-12,2024-07-09,Jugement d'ouverture d'une procédure de redressement judiciaire,Jugement d'ouverture,A202401342646
832689905,S&P MOMO CLUB FITNESS,Argenteuil,95100,95,2023-07-04,2023-06-23,Jugement de conversion en liquidation judiciaire,Jugement prononçant,A202301271398
832262083,The Union Jack,Saint-Étienne,42000,42,2024-08-11,2024-07-31,Jugement d'ouverture d'une procédure de sauvegarde,Jugement d'ouverture,A202401553615
405135344,FAMILLES RURALES FEDERATION DU DEPARTEMENT DE L'AIN,BOURG-EN-BRESSE,01000,01,2026-03-20,2026-03-09,Autre jugement et ordonnance,Extrait de jugement,A202600553086
889618245,LA MAISON DES DELICES,Avignon,84000,84,2026-03-20,2026-03-12,Jugement d'ouverture d'une procédure de redressement judiciaire,Jugement d'ouverture,A202600554640
834245961,MJC,La gacilly,56200,56,2026-03-20,2026-03-11,Jugement d'ouverture d'une procédure de redressement judiciaire,Jugement d'ouverture,A202600553845
503137895,CHENOVE RUGBY CLUB,CHENÔVE,21300,21,2025-09-16,2025-09-12,Autre jugement et ordonnance,Extrait de jugement,A202501774131
984824037,MJC PRODUCTION,Vauréal,95490,95,2026-03-18,2026-03-09,Jugement d'ouverture d'une procédure de redressement judiciaire,Jugement d'ouverture,A202600531851
313351363,COMITE D ACTION ET DE PROMOTION SOCIALES,LE PETIT-QUEVILLY,76140,76,2025-10-03,2025-09-25,Autre jugement et ordonnance,Extrait de jugement,A202501903685
848825501,ABC CLUB,Mérignac,33700,31,2026-03-18,2026-03-02,Jugement d'ouverture de liquidation judiciaire,Jugement d'ouverture,A202600531532
351046370,SARL ACTUEL CLUB BEAUTE,Colmar,68000,68,2025-09-05,2025-07-29,Jugement d'ouverture de liquidation judiciaire,Jugement d'ouverture,A202501701984
490361110,VENAQUA CLUB,Venelles,13770,13,2025-04-29,2025-04-24,Jugement d'ouverture d'une procédure de redressement judiciaire,Jugement d'ouverture,A202500834250
423653922,HOTEL ET GOLF CLUB D'ARRAS,Anzin-Saint-Aubin,62223,62,2025-07-18,2025-07-09,Liste des créances nées après le jugement d'ouverture d'une procédure de liquidation judiciaire,Avis de dépôt,A202501363565
952332229,LE GREEN CLUB,Isneauville,76230,76,2026-03-13,2026-03-10,Jugement d'ouverture d'une procédure de redressement judiciaire,Jugement d'ouverture,A202600505184
902292762,"CLUB GYMINI PLUS, LE SPORT EN FAMILLE",Béziers,34500,34,2026-03-12,2026-03-04,Jugement d'ouverture d'une procédure de redressement judiciaire,Jugement d'ouverture,A202600492963
481553949,LA LIGUE DES DELICES,Paris,75001,75,2026-03-12,2026-02-24,Jugement de clôture pour insuffisance d'actif,Jugement de clôture,A202600493341
839938099,MY SHOP DE L'UNION,Wattrelos,59150,59,2026-03-11,2026-03-02,Jugement d'ouverture d'une procédure de redressement judiciaire,Jugement d'ouverture,A202600482210
944963701,STÉ-FAN CLUB,Montdurausse,81630,81,2026-03-10,2026-03-03,Jugement d'ouverture de liquidation judiciaire,Jugement d'ouverture,A202600475411
982870826,MORINO CLUB,Sausheim,68390,68,2025-07-31,2025-05-14,Jugement d'ouverture de liquidation judiciaire,Jugement d'ouverture,A202501452349
798042586,CLUB PELICAN,Saint-Doulchard,18230,18,2025-01-24,2025-01-14,Jugement prononçant la résolution du plan de redressement et la liquidation judiciaire,Extrait de jugement,A202500172048
820560514,BENJAMIN ASSET CLUB,Vannes,56000,56,2024-12-27,2024-12-18,Jugement d'ouverture d'une procédure de redressement judiciaire,Jugement d'ouverture,A202402504280
919547398,MAISON DES LEOP'ARTISTES,Vincennes,94300,94,2026-03-06,2026-02-25,Jugement d'ouverture de liquidation judiciaire,Jugement d'ouverture,A202600453506
432401628,ASSOC FONDATION INTERNET NOUVEL GENERAT - FING,Paris,75012,75,2023-08-20,2023-07-03,Dépôt de l'état des créances,Avis de dépôt,A202301591813
452167349,LE TRAIT D'UNION,MIRAMAS,13140,13,2026-03-05,2026-02-27,Autre jugement et ordonnance,Extrait de jugement,A202600443331
922049051,LE GOURMET CLUB,Ozoir-la-Ferrière,77330,77,2024-12-20,2024-12-11,Jugement d'ouverture d'une procédure de sauvegarde,Jugement d'ouverture,A202402463444
818342511,MJC ONE,Saint-André-de-Corcy,01390,01,2025-03-07,2025-02-26,Jugement d'ouverture de liquidation judiciaire,Jugement d'ouverture,A202500471659
326223799,CLUB VAR MER,SAINT LAURENT DU VAR,06700,06,2026-02-26,2026-02-23,Autre jugement et ordonnance,Extrait de jugement,A202600392445
904815206,SHE Travel Club,Paris,75116,75,2026-02-26,2026-02-10,Jugement d'ouverture de liquidation judiciaire,Jugement d'ouverture,A202600392917
877950436,LE TRAIT D'UNION,Poitiers,86000,86,2026-02-26,2026-02-10,Jugement d'ouverture d'une procédure de redressement judiciaire,Jugement d'ouverture,A202600392983
390411361,JUDO CLUB MAYEN,ST MARTIN DE MAY,14320,14,2026-02-22,2026-02-13,Autre jugement et ordonnance,Extrait de jugement,A202600362368
878867654,CLUB GRANDS BOULEVARDS,Paris,75009,75,2024-10-18,2024-10-02,Jugement d'ouverture d'une procédure de redressement judiciaire,Jugement d'ouverture,A202402033132
397857343,UNION GENERALE FABRICANTS,Herblay,95220,28,2023-06-30,2023-06-20,Jugement arrêtant un plan de cession,Extrait de jugement,A202301251516
431479013,LA MAISON DES DELICES,La Roque-d'Anthéron,13640,13,2026-02-20,2026-02-12,Jugement de clôture pour insuffisance d'actif,Jugement de clôture,A202600352398
504122417,LE CLUB EXPLOITATION,Porticcio,20166,2A,2026-02-19,2026-02-16,Jugement d'ouverture de liquidation judiciaire,Jugement d'ouverture,A202600342969
537701070,LA MAISON DES QUAIS,ARLES,13200,13,2026-02-19,2026-02-12,Autre jugement et ordonnance,Extrait de jugement,A202600342953
824950638,LE MILLIARDAIRE CLUB,Marseille 1er Arrondissement,13001,13,2024-07-19,2024-07-15,Jugement prononçant la résolution du plan de redressement et la liquidation judiciaire,Extrait de jugement,A202401392206
487504037,LE RUBIS CLUB,Cholet,49300,49,2026-02-17,2026-02-11,Jugement d'ouverture de liquidation judiciaire,Jugement d'ouverture,A202600325136
498819176,UNION SPORTIVE BOULOGNE COTE D'OPALE INVESTISSEMENT - USBCO INVESTISSEMENT,Boulogne-sur-Mer,62200,62,2026-02-17,2026-02-12,Jugement d'ouverture de liquidation judiciaire,Jugement d'ouverture,A202600325264
984782441,CRYSTAL CLEAR AUTO-CLUB INTERNATIONAL,ILLKIRCH-GRAFFENSTADEN,67400,67,2026-02-15,2026-01-19,Autre jugement et ordonnance,Extrait de jugement,A202600312765
493286116,SARL LE CLUB,Portet-sur-Garonne,31120,31,2025-08-18,2025-07-31,Jugement d'ouverture de liquidation judiciaire,Jugement d'ouverture,A202501573482
929711885,LA MAISON DES SORCIÈRES,Bordeaux,33000,33,2026-02-15,2026-02-04,Jugement d'ouverture de liquidation judiciaire,Jugement d'ouverture,A202600312488
878794262,CLUB PALAIS ROYAL,Paris,75001,75,2024-10-18,2024-10-02,Jugement d'ouverture d'une procédure de redressement judiciaire,Jugement d'ouverture,A202402033133
821388972,COLOR CLUB LATTES,Lattes,34970,34,2024-03-21,2024-03-18,Jugement d'ouverture d'une procédure de redressement judiciaire,Jugement d'ouverture,A202400572367
929949709,CALYPSO LOUNGE CLUB,Le Pradet,83220,83,2026-02-13,2026-02-03,Jugement d'ouverture de liquidation judiciaire,Jugement d'ouverture,A202600303603
693720047,MAISON DES FORESTINES,Bourges,18000,18,2025-02-14,2025-02-04,Jugement d'ouverture d'une procédure de redressement judiciaire,Jugement d'ouverture,A202500322419
520241654,MAISON DES PROFESSIONS LIBERALES DU GRAND OUEST,RENNES,35200,35,2026-02-12,2026-02-09,Autre jugement et ordonnance,Extrait de jugement,A202600292545
934032905,KALIFORNIA CLUB,Guéret,23000,23,2025-09-28,2025-09-23,Jugement d'ouverture d'une procédure de redressement judiciaire,Jugement d'ouverture,A202501862232
389221086,S.A.R.L. CLUB SANDWICHS,Saint-Julien-lès-Metz,57070,57,2023-12-22,2023-11-29,Autre jugement prononçant,Jugement prononçant,A202302472273
498201490,RIDE CLUB,Oderen,68830,68,2025-09-24,2025-09-03,Jugement d'ouverture de liquidation judiciaire,Jugement d'ouverture,A202501831526
351522313,COMITE CULTURE ET LOISIRS,Vitry en Artois,62490,62,2026-02-10,2026-01-30,Jugement d'ouverture d'une procédure de redressement judiciaire,Jugement d'ouverture,A202600275189
881200059,LA MAISON DES COULEURS,Saméon,59310,59,2024-03-08,2024-03-05,Jugement d'ouverture d'une procédure de redressement judiciaire,Jugement d'ouverture,A202400482310
795386424,JUDO CLUB VILLEPINTE,Villepinte,93420,93,2024-10-17,2024-10-03,Jugement d'ouverture de liquidation judiciaire,Jugement d'ouverture,A202402022746
949812259,Sugar Club,Paris,75116,75,2024-03-21,2024-03-05,Jugement d'ouverture de liquidation judiciaire,Jugement d'ouverture,A202400572657
894076884,"AQUA BUSINESS CLUB, ABC",Saint-Médard-en-Jalles,33160,33,2023-07-30,2023-07-19,Jugement d'ouverture d'une procédure de redressement judiciaire,Jugement d'ouverture,A202301451947
353726904,SOCIETE RESIDENCE CLUB ARINELLA,Lumio,20260,2B,2026-02-06,2026-02-03,Jugement d'ouverture d'une procédure de redressement judiciaire,Jugement d'ouverture,A202600252340
940707771,CLUB SMOKI,Lille,59800,59,2026-02-04,2026-01-26,Jugement d'ouverture d'une procédure de redressement judiciaire,Jugement d'ouverture,A202600231629
878056670,EPICURE DRIVER CLUB,Mansle-les-fontaines,16230,16,2026-02-02,2026-01-29,Jugement d'ouverture de liquidation judiciaire,Jugement d'ouverture,A202600225249
777513292,CLUB DES JEUNES LEO LAGRANGE,Camaret-sur-Mer,29570,29,2024-10-09,2024-09-27,Jugement d'ouverture de liquidation judiciaire,Jugement d'ouverture,A202401962116
508191046,SYNDICAT PROFESSIONNEL FONDS DE DEVELOPPEMENT DURABLE DE LA PECHE,PARIS,75008,75,2026-01-31,2025-12-11,Autre jugement et ordonnance,Extrait de jugement,A202600212705
780195202,TENNIS CLUB DE LAON,Laon,02000,02,2025-04-22,2025-03-11,Liste des créances nées après le jugement d'ouverture d'une procédure de liquidation judiciaire,Avis de dépôt,A202500795724
312272768,FAMILLES RURALES FEDERATION DE L'OISE,NOYON,60400,60,2026-01-30,2026-01-23,Autre jugement et ordonnance,Extrait de jugement,A202600202787
911469476,LE CLUB,Lens,62300,62,2023-09-05,2023-08-30,Jugement d'ouverture d'une procédure de redressement judiciaire,Jugement d'ouverture,A202301702736
848996427,FEDERATION DES MOTARDS HAUTS DE FRANCE,FOUQUEREUIL,62232,62,2026-01-29,2026-01-22,Autre jugement et ordonnance,Extrait de jugement,A202600192681
809972839,"ICHIDO SOCIAL CLUB ""I.S.C""",Paris,75002,75,2026-01-27,2026-01-09,Jugement modifiant le plan de redressement,Extrait de jugement,A202600175842
451669931,PRESS CLUB,Cayenne,97300,973,2026-01-27,2026-01-09,Jugement d'ouverture de liquidation judiciaire,Jugement d'ouverture,A202600176288
953033016,PASTA CLUB SO,Noyon,60400,60,2026-01-27,2026-01-14,Jugement d'ouverture de liquidation judiciaire,Jugement d'ouverture,A202600175550
440150035,COMITE FRANCO QUEBECOIS POUR L'INCLUSION ET LA PARTICIPATION SOCIALE,PARTHENAY,79200,79,2026-01-27,2026-01-23,Autre jugement et ordonnance,Extrait de jugement,A202600176008
501735328,UNION MUTUALISTE POUR LA GESTION DU GROUPE HOSPITALIER DE GRENOBLE (UMG GHM),Grenoble,38000,38,2026-01-27,2025-12-01,Jugement d'ouverture d'une procédure de redressement judiciaire,Jugement d'ouverture,A202600175447
341792646,MAISON DE QUARTIER GODELEINE PETIT CENTRE SOCIAL DU VIEUX LILLE,LILLE,59800,59,2026-01-25,2026-01-09,Autre jugement et ordonnance,Extrait de jugement,A202600162812
753223320,CENTRE SOCIAL ET CULTUREL DES COMBES,CHAMBERY,73000,73,2026-01-23,2026-01-20,Autre jugement et ordonnance,Extrait de jugement,A202600153123
340691963,ANNECY BOWLING CLUB,Annecy,74000,74,2024-06-21,2024-06-18,Jugement d'ouverture d'une procédure de redressement judiciaire,Jugement d'ouverture,A202401192649
983862871,DEUX-SEVRES BUSINESS CLUB,Les Sables-d'Olonne,85180,85,2026-01-23,2026-01-07,Jugement d'ouverture de liquidation judiciaire,Jugement d'ouverture,A202600153324
841071384,L'UNION,Royan,17200,17,2023-07-17,2023-07-06,Jugement d'ouverture d'une procédure de redressement judiciaire,Jugement d'ouverture,A202301362991
408643799,ROCHE VENDEE BASKET CLUB,LA ROCHE-SUR-YON,85000,85,2026-01-22,2026-01-15,Autre jugement et ordonnance,Extrait de jugement,A202600143336
840622302,WIGOS COTE L'UNION,Toulouse,31000,31,2025-03-16,2025-02-27,Jugement d'ouverture de liquidation judiciaire,Jugement d'ouverture,A202500532127
431941129,LES MJC EN RHONE-ALPES FEDERATION REGIONALE,VILLEURBANNE,69100,69,2026-01-20,2026-01-13,Autre jugement et ordonnance,Extrait de jugement,A202600124521
918636127,UNION POUR LA PRATIQUE D'EXERCICES REGULIERS,LORIOL SUR DRÔME,26270,26,2026-01-20,2026-01-14,Autre jugement et ordonnance,Extrait de jugement,A202600124171
515026227,LA MAISON DES AVEUGLES,SAINT-SÉBASTIEN-SUR-LOIRE,44230,44,2026-01-18,2026-01-13,Autre jugement et ordonnance,Extrait de jugement,A202600112095
891985590,L'ASSIETTE DU CLUB,Maisons-Alfort,94700,94,2025-03-30,2025-03-19,Jugement d'ouverture de liquidation judiciaire,Jugement d'ouverture,A202500632937
922164140,Club Baïnes,Annecy,74000,74,2026-01-16,2026-01-09,Jugement d'ouverture de liquidation judiciaire,Jugement d'ouverture,A202600103285
913777959,FONDATION EXPANSION DE L'ÊTRE,La Teste-de-Buch,33260,22,2024-05-28,2024-05-22,Jugement d'ouverture de liquidation judiciaire,Jugement d'ouverture,A202401013266
517691820,CLUB SANDWICHS,Le Kremlin-Bicêtre,94270,94,2026-01-16,2026-01-07,Jugement d'ouverture de liquidation judiciaire,Jugement d'ouverture,A202600103534
897980785,MJC,Beychac-et-Caillau,33750,33,2025-11-14,2025-11-04,Jugement d'ouverture d'une procédure de redressement judiciaire,Jugement d'ouverture,A202502191892
438078222,CLUB HIPPIQUE L’EPERON LIVRADAIS,Sainte-Livrade-sur-Lot,47110,47,2025-01-17,2024-12-05,Jugement d'ouverture de liquidation judiciaire,Jugement d'ouverture,A202500122473
814430609,FEDERATION MEDICO PSYCHO-SOCIAL D’AIDE A LA PERSONNE,Paris,75014,75,2023-11-26,2023-11-09,Jugement d'ouverture de liquidation judiciaire,Jugement d'ouverture,A202302283202
928088871,SARL ECLIPSE NIGHT CLUB,Le Mans,72100,72,2025-11-30,2025-11-25,Jugement d'ouverture d'une procédure de redressement judiciaire,Jugement d'ouverture,A202502306434
323361675,CLUB INTERNATIONAL DES AMIS DU VIN ET DE LA GASTRONOMIE,Cézac,33620,33,2025-04-30,2025-04-14,Jugement d'ouverture de liquidation judiciaire,Jugement d'ouverture,A20250084917
534196605,LE CLUB AQUATIQUE DE SAINTE-ANNE,Sainte-Anne,97180,971,2026-01-11,,Jugement d'ouverture de liquidation judiciaire,Jugement d'ouverture,A202600061547
887742344,CONFEDERATION GENERALE DU LOGEMENT UNION REGIONALE DES PAYS DE LA LOIRE,NANTES,44000,44,2025-06-27,2025-06-24,Autre jugement et ordonnance,Extrait de jugement,A202501223447
923135453,PICARDIERE GOLF CLUB,VIERZON,18100,18,2026-01-08,2025-12-15,Autre jugement et ordonnance,Extrait de jugement,A202600041980
451984603,TENNIS CLUB DE CHEPY,CHEPY,80210,80,2025-10-14,2025-10-07,Autre jugement et ordonnance,Extrait de jugement,A202501974355
953106440,OIA CLUB,Bouaye,44830,44,2025-11-07,2025-10-22,Jugement d'ouverture d'une procédure de redressement judiciaire,Jugement d'ouverture,A202502154061
983973561,POWER CLUB,Nancy,54000,54,2026-01-02,2025-12-16,Jugement d'ouverture de liquidation judiciaire,Jugement d'ouverture,A202502521612
517822037,UNION SECURITE PRIVEE 94,Choisy-le-Roi,94600,94,2025-05-31,2025-05-21,Jugement d'ouverture de liquidation judiciaire,Jugement d'ouverture,A202501044700
900462276,TBD CLUB,Migennes,89400,89,2024-10-25,2024-10-15,Jugement d'ouverture de liquidation judiciaire,Jugement d'ouverture,A202402083760
442043972,LA MAISON DES DELICES,Bords,17430,17,2024-03-17,2024-03-07,Jugement prononçant la résolution du plan de redressement et la liquidation judiciaire,Extrait de jugement,A202400541923
503652703,LA MAISON DES PARTICULIERS,Saint-Cannat,13760,13,2024-12-24,2024-12-12,Jugement d'ouverture d'une procédure de redressement judiciaire,Jugement d'ouverture,A202402483326
830281515,O'BIKE CLUB,Arradon,56610,56,2023-04-11,2023-03-23,Dépôt de l'état des créances,Avis de dépôt,A202300713805
479876526,UNION DES ENTREPRISES DE TRAVAUX PUBLICS U.E.T.P.,Pontault-Combault,77340,77,2024-06-02,2024-05-21,Jugement d'ouverture d'une procédure de redressement judiciaire,Jugement d'ouverture,A202401052479
842300337,EMUNA - SOL ET FONDATION,Breuillet,91650,91,2024-12-24,2024-12-10,Jugement d'ouverture d'une procédure de redressement judiciaire,Jugement d'ouverture,A202402483707
795090828,UNION SPORTIVE MARLY F.F.F.,MARLY,59770,59,2025-12-23,2025-12-17,Autre jugement et ordonnance,Extrait de jugement,A202502465716
377527643,LE CLUB SARL,Pérols,34470,34,2025-09-02,2025-08-29,Jugement de clôture pour insuffisance d'actif,Jugement de clôture,A202501672737
419322722,"COMITE, Amélia",Digne-les-Bains,04000,04,2025-12-21,2025-12-16,Jugement d'ouverture de liquidation judiciaire,Jugement d'ouverture,A202502452583
923196810,COMITE DE GESTION DE LA MONNAIE LOCALE ECO,SAINT-DENIS,93200,93,2025-12-21,2025-12-18,Autre jugement et ordonnance,Extrait de jugement,A202502453455
813829413,Le Metisse Club,Saint-Paul,97434,974,2025-10-24,2025-10-15,Jugement d'ouverture d'une procédure de redressement judiciaire,Jugement d'ouverture,A202502053368
901520734,CLUB 66,Grenoble,38000,38,2025-12-19,2025-12-10,Jugement d'ouverture de liquidation judiciaire,Jugement d'ouverture,A202502443094
814709101,FITNESS CLUB,Amiens,80000,80,2024-06-21,2024-06-06,Jugement d'ouverture de liquidation judiciaire,Jugement d'ouverture,A202401192865
382882223,FEDERATION DEPARTEMENTALE FAMILLES RURALES HAUTE VIENNE,LIMOGES,87100,87,2025-12-19,2025-12-15,Autre jugement et ordonnance,Extrait de jugement,A202502444083
804792174,LA MAISON DES TRAINS,COLMAR,68000,68,2025-12-19,2025-12-09,Autre jugement et ordonnance,Extrait de jugement,A202502443558
882629892,COMITE DA VINCI,Saint-Avertin,37550,37,2025-11-16,2025-09-25,Jugement d'ouverture d'une procédure de redressement judiciaire,Jugement d'ouverture,A202502203021
777749771,COMITE QUARTIER LA BINQUENAIS,RENNES,35200,35,2025-12-18,2025-12-15,Autre jugement et ordonnance,Extrait de jugement,A202502433097
304154636,OGEC SAINT JEAN-BAPTISTE DE LA SALLE,LISIEUX,14100,14,2025-12-17,2025-12-15,Autre jugement et ordonnance,Extrait de jugement,A202502421274
453221624,SYNDICAT DES PARTICULIERS EMPLOYEURS,PARIS,75017,75,2025-12-16,2025-12-11,Autre jugement et ordonnance,Extrait de jugement,A202502415301
922255492,SAS MAISON DES VIANDES GOURMET,Nanterre,92000,92,2025-02-16,2025-02-06,Jugement d'ouverture d'une procédure de redressement judiciaire,Jugement d'ouverture,A202500332698
843355777,MAISON DES ECONOMIES,Mondeville,14120,14,2024-10-06,2024-10-02,Jugement d'ouverture de liquidation judiciaire,Jugement d'ouverture,A202401942159
947906970,L'UNION OPTIQUE,L'Union,31240,31,2025-12-14,2025-11-27,Jugement d'ouverture de liquidation judiciaire,Jugement d'ouverture,A202502402501
893659888,LE TRAIT D'UNION,Vézac,24220,24,2025-12-12,2025-12-03,Jugement d'ouverture d'une procédure de sauvegarde,Jugement d'ouverture,A202502392374
803528728,LA MAISON DES ARTISTES,Chamonix-Mont-Blanc,74400,74,2025-12-12,2025-11-28,Jugement d'ouverture d'une procédure de redressement judiciaire,Jugement d'ouverture,A202502393117
403022494,SKI CLUB DE ST-PAUL,SAINT-PAUL (RÉUNION),97460,974,2025-12-12,2025-12-04,Autre jugement et ordonnance,Extrait de jugement,A202502393656
780794111,OGEC SAINT FOY,Conches-en-Ouche,27190,27,2025-01-31,2024-10-14,Jugement d'ouverture de liquidation judiciaire,Jugement d'ouverture,A202500222200
524618873,LA MAISON DES VIGNERONS DU RHONE,Ampuis,69420,69,2025-07-04,2025-06-26,Jugement d'ouverture de liquidation judiciaire,Jugement d'ouverture,A202501273087
911893493,Club House OTHENTIQUE,Cagnes-sur-Mer,06800,06,2025-12-12,2025-12-02,Jugement d'ouverture de liquidation judiciaire,Jugement d'ouverture,A202502392156
909612954,RESERVOIR CLUB,Montreuil,93100,93,2025-02-05,2024-12-24,Jugement d'extension d'une procédure de redressement judiciaire,Jugement d'ouverture,A202500253324
414574707,MARSEILLE ESCRIME CLUB,MARSEILLE,13005,13,2025-12-11,2025-12-09,Autre jugement et ordonnance,Extrait de jugement,A202502382501
515064129,FOOTBALL CLUB NIMES ATHLETICS,NIMES,30900,30,2025-12-10,2025-12-04,Autre jugement et ordonnance,Extrait de jugement,A202502371205
425131018,CLUB EXPERTS,Fréjus,83600,83,2025-03-21,2025-03-17,Jugement d'ouverture d'une procédure de redressement judiciaire,Jugement d'ouverture,A202500573678
481414779,FEDERATION DES PYRENEES-ATLANTIQUES LIGUE DE L'ENSEIGNEMENT,PAU,64000,64,2025-12-05,2025-12-02,Autre jugement et ordonnance,Extrait de jugement,A202502342844
790202964,INITIAL WEB CLUB,Paris,75008,75,2024-05-31,2024-05-14,Jugement d'ouverture de liquidation judiciaire,Jugement d'ouverture,A202401043048
819826314,SAS Trait d'union,Corbeil Cerf,60110,60,2025-05-02,2025-04-22,Jugement d'ouverture de liquidation judiciaire,Jugement d'ouverture,A202500852522
912948304,Whisky Spirit Club,Paris,75016,75,2024-12-15,2024-11-28,Jugement d'ouverture de liquidation judiciaire,Jugement d'ouverture,A202402422349
887672475,UNION BATIMENT,Nancy,54000,54,2024-11-24,2024-11-19,Jugement d'ouverture d'une procédure de redressement judiciaire,Jugement d'ouverture,A202402272806
534522537,FAVELA CLUB,VIGNEUX-SUR-SEINE,91270,91,2025-12-02,2025-11-27,Autre jugement et ordonnance,Extrait de jugement,A202502314005
921839338,UNION BATIMENT,Callian,83440,83,2024-11-08,2024-11-05,Jugement d'ouverture de liquidation judiciaire,Jugement d'ouverture,A202402173223
949002422,CLK FONDATION,Saint-Victoret,13730,13,2025-11-30,2025-11-27,Jugement d'ouverture de liquidation judiciaire,Jugement d'ouverture,A202502305844
307330548,CLUB NAUTIQUE DE TREGASTEL,Trégastel,22730,22,2025-11-30,2025-11-26,Jugement d'ouverture de liquidation judiciaire,Jugement d'ouverture,A202502305938
459202693,UNION VINICOLE DE GIRONDE,Sainte-Croix-du-Mont,33410,33,2025-10-05,2025-09-24,Liste des créances nées après le jugement d'ouverture d'une procédure de liquidation judiciaire,Avis de dépôt,A202501912500
509588711,LE CLUB,Trois-Ilets,97229,972,2024-11-07,2024-10-21,Jugement d'ouverture de liquidation judiciaire,Jugement d'ouverture,A202402162538
879245496,Norton Club,Cosne-Cours-sur-Loire,58200,58,2025-03-14,2025-03-10,Jugement d'ouverture de liquidation judiciaire,Jugement d'ouverture,A202500521127
305350399,"SOCOMETRA, SARL ARCADE, SOCIETE CIVILE L'ETOILE, LA MARMOTTE, MONT BLANC VOYAGES, LE CLUB DE MEGEVE, SNC D'ARBOIS, LOISIRS HOTEL, LE ROND POINT DES LACS, HOTEL DU GOLLET A MEGEVE, SOCIETE CIVILE IMMOBILIERE ALPHERATZ","Sallanches, Faverges-Seythenex, Cluses, Paris, Écully","74700, 74210, 74300, 75116, 69130",74,2025-11-28,2025-02-11,Jugement de clôture pour insuffisance d'actif,Jugement de clôture,A202502293432
907988521,CLUB 34,Dinan,22100,35,2025-05-11,2025-05-06,Jugement d'ouverture d'une procédure de redressement judiciaire,Jugement d'ouverture,A202500902540
879869501,SARL UNION CONSTRUCTION,Pacé,35740,35,2023-06-18,2023-02-17,Dépôt de l'état des créances et du projet de répartition,Avis de dépôt,A202301161961
919985184,NIGHT CLUB,Lys-haut-Layon,49310,49,2024-09-30,2024-09-25,Jugement d'ouverture d'une procédure de redressement judiciaire,Jugement d'ouverture,A202401902860
311653612,LIGUE REGIONALE DE VOLLEY BALL DES HAUTS DE FRANCE,HEM,59510,59,2025-11-25,2025-11-21,Autre jugement et ordonnance,Extrait de jugement,A202502263109
803105923,"Union des Professionnels du Bâtiment, U.P.B",Pantin,93500,93,2023-06-29,2023-06-20,Jugement d'ouverture de liquidation judiciaire,Jugement d'ouverture,A202301241192
902975457,L'Infinity Club,Achery,02800,02,2023-02-08,2023-01-27,Jugement d'ouverture d'une procédure de redressement judiciaire,Jugement d'ouverture,A20230027843
514232263,UNION DES PROFESSIONNELS IMMOBILIERS,Bidart,64210,64,2025-04-22,2025-04-14,Jugement d'ouverture de liquidation judiciaire,Jugement d'ouverture,A202500796266
904820305,PIZZA CLUB,Garges-lès-Gonesse,95140,95,2025-11-25,2025-11-14,Jugement d'ouverture d'une procédure de redressement judiciaire,Jugement d'ouverture,A202502263637
877485284,UNION AMENAGEMENT RENOVATION ETUDES WELCOME,Savigny-le-Temple,77176,77,2025-11-23,2025-11-12,Jugement d'ouverture de liquidation judiciaire,Jugement d'ouverture,A202502254753
784809683,FONDATION OEUVRE DE LA CROIX SAINT SIMON - Sigle: FOCSS,Paris,75019,75,2025-11-21,2025-11-05,Jugement d'ouverture d'une procédure de redressement judiciaire,Jugement d'ouverture,A202502243579
898114517,CO-INVEST CLUB,Chanteloup en Brie,77600,77,2025-05-21,2025-05-05,Jugement d'ouverture de liquidation judiciaire,Jugement d'ouverture,A202500972247
852551613,MAISON DES GOURMANDISES,Paray-Vieille-Poste,91550,91,2024-12-15,2024-12-05,Jugement d'ouverture de liquidation judiciaire,Jugement d'ouverture,A202402422490
339299901,LILLE METROPOLE HANDBALL CLUB DE VILLENEUVE D'ASCQ (LM-HBCV),VILLENEUVE- D’ASCQ,59650,59,2025-11-18,2025-11-07,Autre jugement et ordonnance,Extrait de jugement,A202502214905
353232598,CENTRE PEDAGOGIQUE POLYVALENT DE L'UNION,Saint-Jean,31240,31,2025-01-05,2024-12-19,Jugement d'ouverture d'une procédure de redressement judiciaire,Jugement d'ouverture,A202500031721
497607648,MJC PROPRETE ET SERVICES,Paris,75005,75,2025-11-14,2025-10-29,Jugement d'ouverture de liquidation judiciaire,Jugement d'ouverture,A202502192592
412345597,TENNIS CLUB DE BAYEUX,Bayeux,14400,14,2024-07-23,2024-07-05,Jugement d'ouverture d'une procédure de redressement judiciaire,Jugement d'ouverture,A202401413812
904591559,"LIGUE, Thierry, Armel, LIGUE (EI)",Reims,51100,51,2025-11-14,2025-11-04,Jugement d'ouverture de liquidation judiciaire,Jugement d'ouverture,A202502192226
803643451,STADE FOOTBALL CLUB,VILLEPINTE,93420,93,2025-11-13,2025-11-06,Autre jugement et ordonnance,Extrait de jugement,A202502183037
941686388,1ER RGM D'UNION,Angers,49100,49,2025-11-11,2025-10-29,Jugement d'ouverture de liquidation judiciaire,Jugement d'ouverture,A202502175008
324873678,FEDERATION REGIONALE DES MAISONS DES JEUNES ET DE LA CULTURE DE PICARDIE,Saint-Quentin,02100,02,2025-11-11,2025-10-15,Jugement d'ouverture de liquidation judiciaire,Jugement d'ouverture,A202502174383
389949066,CLUB SPORTIF SEDAN ARDENNES,Sedan,08200,08,2025-11-09,2025-10-23,Jugement de clôture pour insuffisance d'actif,Jugement de clôture,A202502161019
887485944,RIDERS SOCIAL CLUB,Saint-Denis,93200,93,2024-10-11,2024-10-02,Jugement d'ouverture de liquidation judiciaire,Jugement d'ouverture,A202401982554
379309982,HALTHEROPHILE CLUB DE NEVERS,Nevers,58000,58,2025-11-05,2025-10-07,Jugement d'ouverture de liquidation judiciaire,Jugement d'ouverture,A202502132943
785646571,CENTRE MEDICO SOCIAL MARCEL HANRA,Villemomble,93250,93,2024-12-04,2024-11-21,Jugement d'ouverture de liquidation judiciaire,Jugement d'ouverture,A202402344329
348892134,VILLEFRANCHE TENNIS CLUB,Villefranche-sur-Mer,06230,06,2025-11-02,2025-09-29,Autre jugement prononçant,Jugement prononçant,A202502113087
978105401,LE CLUB HOUSE,Paris,75009,75,2025-11-02,2025-10-16,Jugement d'ouverture de liquidation judiciaire,Jugement d'ouverture,A202502113639
323265538,BOWLING CLUB DE GASCOGNE,Auch,32000,32,2025-10-31,2025-10-24,Jugement de clôture pour insuffisance d'actif,Jugement de clôture,A202502104725
438831638,CLUB AQUA PLAGE,Saint-Cyprien,66750,66,2025-10-31,2025-10-22,Jugement d'ouverture de liquidation judiciaire,Jugement d'ouverture,A202502105200
888942760,COLOR CLUB MONTPELLIER,Montpellier,34000,34,2024-03-21,2024-03-18,Jugement d'ouverture d'une procédure de redressement judiciaire,Jugement d'ouverture,A202400572368
339324410,FONDATION,Clairac,47320,47,2023-07-25,2023-06-28,Dépôt de l'état des créances,Avis de dépôt,A202301412698
702015249,UNION FRANCAISE DES PETROLES,Paris.,75008,75,2025-10-24,2025-10-08,Jugement de reprise de la procédure de liquidation judiciaire,Extrait de jugement,A202502052889
893158204,LA LIGUE D'IMPROVISATION DE LA CUISINE,Boulogne-Billancourt,92100,92,2025-02-14,2025-02-05,Jugement d'ouverture de liquidation judiciaire,Jugement d'ouverture,A202500323762
981272511,NABU BEACH CLUB,Agde,34300,34,2024-10-17,2024-10-09,Jugement d'ouverture d'une procédure de redressement judiciaire,Jugement d'ouverture,A202402022237
753094101,UNION SOLIDAIRE,Paris,75008,75,2025-10-12,2025-09-25,Jugement d'ouverture de liquidation judiciaire,Jugement d'ouverture,A202501963469
890254386,SARL BREAKING CLUB,Brest,29200,29,2024-12-10,2024-12-03,Jugement d'ouverture d'une procédure de redressement judiciaire,Jugement d'ouverture,A202402383072
852388602,CLUB GYGA 49,Angers,49100,49,2023-02-14,2023-02-08,Jugement d'ouverture de liquidation judiciaire,Jugement d'ouverture,A202300312729
349034058,CLUB M Paris 13,Paris,75017,75,2023-02-23,2023-02-07,Jugement d'ouverture de liquidation judiciaire,Jugement d'ouverture,A202300382012
498787183,CLUB DE BRIDGE DE VILLENEUVE LOUBET,VILLENEUVE LOUBET,06270,06,2025-10-17,2025-10-13,Autre jugement et ordonnance,Extrait de jugement,A202502002615
893531939,MAISON DES CREATIONS,Perpignan,66100,66,2024-07-12,2024-07-03,Jugement d'ouverture de liquidation judiciaire,Jugement d'ouverture,A202401342464
782176416,UNION NATIONALE DE L'AIDE ET SOINS ET SERVICES A DOMICILE DU FUMELOIS,MONSEMPRON LIBOS,47500,47,2025-10-14,2025-10-09,Autre jugement et ordonnance,Extrait de jugement,A202501974028
338535818,SNC DU TENNESSEE CLUB,Proville,59267,59,2025-10-12,2025-10-08,Autre jugement de clôture,Jugement de clôture,A202501963364
780741732,SPORTING CLUB DE LION-HERMANVILLE,Lion-sur-Mer,14780,14,2025-10-12,2025-09-19,Autre jugement de clôture,Jugement de clôture,A202501963084
908613607,COLOR CLUB ACADEMY,Pérols,34470,34,2024-03-21,2024-03-18,Jugement d'ouverture d'une procédure de redressement judiciaire,Jugement d'ouverture,A202400572366
301638441,CLUB MULTI-SPORTS PANTIN,Pantin,93500,93,2023-07-26,2023-07-06,Jugement d'ouverture d'une procédure de redressement judiciaire,Jugement d'ouverture,A202301422726
980708028,LA MAISON DES ARTISANS 2A,Afa,20167,2A,2025-10-09,2025-10-06,Jugement d'ouverture de liquidation judiciaire,Jugement d'ouverture,A202501942462
913607859,Fred Network Club 21,Dijon,21000,21,2025-04-08,2025-04-01,Jugement d'ouverture de liquidation judiciaire,Jugement d'ouverture,A202500694738
385212410,FEDERATION MUSICALE DE FRANCHE-COMTE,BESANCON,25000,25,2025-10-05,2025-10-01,Autre jugement et ordonnance,Extrait de jugement,A202501912388
381561380,TENNIS CLUB DU VIGNOBLE,LE PALLET,44330,44,2025-10-03,2025-09-30,Autre jugement et ordonnance,Extrait de jugement,A202501902948
819558412,SAPHIR CLUB,Vourles,69390,69,2025-10-03,2025-09-23,Jugement de clôture pour insuffisance d'actif,Jugement de clôture,A202501903398
877914788,EXOTIC CARS CLUB,Bron,69500,69,2024-06-21,2024-06-11,Jugement d'ouverture de liquidation judiciaire,Jugement d'ouverture,A202401192504
849772421,CAM'S CLUB,St Just en Chaussee,60130,60,2023-12-22,2023-12-19,Jugement d'ouverture de liquidation judiciaire,Jugement d'ouverture,A202302472294
853532539,L'ELITE CLUB,Blois,41000,41,2025-10-02,2025-09-19,Jugement d'ouverture de liquidation judiciaire,Jugement d'ouverture,A202501892518
452903883,MAISON DES LYCEENS SAINT JOHN PERSE,Pau,64000,64,2025-03-26,2025-02-13,Dépôt de l'état des créances,Avis de dépôt,A20250060520
949544878,LA MARINA CLUB,Gignac-la-Nerthe,13180,13,2025-07-08,2025-07-03,Jugement d'ouverture d'une procédure de redressement judiciaire,Jugement d'ouverture,A202501293459
910483932,JOLLY ROGER CLUB,Saint-Étienne,42000,42,2024-10-11,2024-10-02,Jugement d'ouverture d'une procédure de redressement judiciaire,Jugement d'ouverture,A202401981865
794396242,PASSION NAUTIC CLUB,Arzon,56640,56,2023-04-11,2023-04-05,Jugement de conversion en liquidation judiciaire,Jugement prononçant,A202300713798
401289392,UNION FINANCIERE DE PATRIMOINE,Boulogne-Billancourt,92100,92,2025-05-15,2025-05-06,Jugement d'ouverture de liquidation judiciaire,Jugement d'ouverture,A202500933189
068801414,MAISON DES ENSEIGNANTS DE PROVENCE,Marseille,13010,13,2025-03-30,2025-03-26,Jugement d'ouverture d'une procédure de redressement judiciaire,Jugement d'ouverture,A202500632084
980123194,PONEY CLUB DES JONQUILLES,Pissy-Pôville,76360,76,2025-09-23,2025-09-16,Jugement d'ouverture de liquidation judiciaire,Jugement d'ouverture,A202501825297
810131771,TALENT CLUB,Paris,75004,75,2024-09-18,2024-09-02,Jugement d'ouverture d'une procédure de redressement judiciaire,Jugement d'ouverture,A202401813199
449194877,LA MAISON DES ENFANTS EN ROUSSILLON,Pollestres,66450,66,2025-09-19,2025-09-10,Jugement d'ouverture de liquidation judiciaire,Jugement d'ouverture,A202501802593
320018112,LIGUE DE L'ENSEIGNEMENT DE BOURGOGNE FRANCHE-COMTE,DIJON,21000,21,2025-09-16,2025-09-09,Autre jugement et ordonnance,Extrait de jugement,A202501774136
775650492,LIGUE DE L’ENSEIGNEMENT FEDERATION DE HAUTE-SAÔNE,Noidans-lès-Vesoul,70000,70,2025-05-21,2024-09-20,Dépôt de l'état des créances,Avis de dépôt,A202500971973
919467803,LE LOUIS XIV REIMS/CLUB CHAMPAGNE,Reims,51100,51,2025-09-12,2025-09-02,Jugement d'ouverture de liquidation judiciaire,Jugement d'ouverture,A202501752701
838308856,MAISON DES CAPRICES,Sens,89100,89,2024-11-15,2024-11-05,Jugement d'ouverture de liquidation judiciaire,Jugement d'ouverture,A202402214034
379056534,MINI CLUB,Saint-Denis,97400,974,2025-09-12,2025-08-27,Jugement prononçant la résolution du plan de redressement et la liquidation judiciaire,Extrait de jugement,A202501753548
977625789,FOOTBALL CLUB DE MARTIGUES,Aubagne,13400,13,2025-09-09,2025-09-04,Jugement d'ouverture de liquidation judiciaire,Jugement d'ouverture,A202501722916
918119033,HANANIA CLUB,Paris,75011,75,2024-12-02,2024-11-15,Jugement d'ouverture de liquidation judiciaire,Jugement d'ouverture,A202402333207
388890477,POMPES FUNEBRES ET MONUMENTS FUNERAIRES DE L’UNION EUROPEENNE,Strasbourg,67200,67,2025-09-04,2020-10-14,Dépôt de l'état des créances,Avis de dépôt,A20250169585
775538770,CLUB SPORTIF MUNICIPAL SULLYLOIS,SULLY SUR LOIRE,45600,45,2025-09-04,2025-08-21,Autre jugement et ordonnance,Extrait de jugement,A20250169553
824771026,FEDERATION REGIONALE DES MAISONS FAMILIALES RURALES D’EDUCATION ET D’ORIENTATION DE NOUVELLE AQUITAINE,Artigues-près-Bordeaux,33370,33,2025-09-02,2025-07-29,Jugement d'ouverture d'une procédure de redressement judiciaire,Jugement d'ouverture,A202501672628
325997112,BEAUTE CLUB INTERNATIONAL,Urrugne,64122,64,2023-09-15,2023-09-11,Jugement d'ouverture d'une procédure de redressement judiciaire,Jugement d'ouverture,A202301781587
903440055,CLUB EQUESTRE DE BAILLY,Bailly,78870,78,2025-07-03,2025-06-24,Jugement d'ouverture d'une procédure de redressement judiciaire,Jugement d'ouverture,A202501262982
438272494,ATHLETIC CLUB AJACCIEN ACA FOOTBALL,Ajaccio,20000,2A,2025-08-28,2025-08-20,Jugement d'ouverture de liquidation judiciaire,Jugement d'ouverture,A202501641790
901731364,CLUB CAFE,Sassegnies,59145,59,2025-08-27,2025-08-18,Jugement d'ouverture de liquidation judiciaire,Jugement d'ouverture,A202501631059
827711136,OFFRES COMITE D'ENTREPRISE,Paris,75009,75,2025-02-06,2025-01-21,Jugement d'ouverture de liquidation judiciaire,Jugement d'ouverture,A202500262584
784809642,"UNION DES MUTUELLES D’ILE DE FRANCE, CENTRE DENTAIRE MUTUALISTE, CLINIQUE DENTAIRE DES MUTUELLES IDF, LES OPICIENS MUTUALISTES, CENTRE OPTIQUE MUTUALISTE, OPTICIEN MUTUALISTE","Paris, Argenteuil, Gennevilliers, Meaux, Ivry-sur-Seine, Corbeil-Essonnes, Montreuil","75016, 95100, 92230, 77100, 94200, 91100, 93100, 75020",75,2024-10-23,2024-10-08,Jugement d'ouverture d'une procédure de redressement judiciaire,Jugement d'ouverture,A202402062897
751180845,PIM'S CLUB,Colomiers,31770,31,2023-06-30,2023-06-22,Jugement d'ouverture d'une procédure de redressement judiciaire,Jugement d'ouverture,A202301251560
841996267,MAISON DES AMIS,Meaux,77100,77,2024-07-24,2024-07-08,Jugement d'ouverture d'une procédure de redressement judiciaire,Jugement d'ouverture,A202401421572
840719702,L'UNION,Aulnay-sous-Bois,93600,93,2024-12-19,2024-12-10,Jugement d'ouverture d'une procédure de redressement judiciaire,Jugement d'ouverture,A202402452579
905231924,TS CLUB,Toulouse,31400,31,2023-12-15,2023-11-30,Dépôt de l'état des créances,Avis de dépôt,A202302422740
838810364,MAISON DE SANTE PLURIPROFESSIONNELLES DE LA PLAINE DES SABLES,Vigneux-sur-Seine,91270,91,2025-08-06,2025-06-19,Jugement de clôture pour insuffisance d'actif,Jugement de clôture,A202501491778
807802459,CLUB REGIONAL DE TIR EDUCATIF ET SPORTIF (CRETES SUD EST),Marignane,13700,13,2025-08-05,2025-06-27,Autre jugement prononçant,Jugement prononçant,A202501483890
493731830,LA PIERRE DE FONDATION,Hasparren,64240,64,2025-08-03,2025-07-28,Jugement de clôture pour insuffisance d'actif,Jugement de clôture,A202501473461
918600057,ORLEANS JAZZ CLUB,Orléans,45000,28,2024-11-22,2024-11-14,Jugement d'ouverture d'une procédure de sauvegarde,Jugement d'ouverture,A202402263226
885218420,UNION BAT,Dreux,28100,28,2025-06-06,2025-05-28,Jugement d'ouverture d'une procédure de redressement judiciaire,Jugement d'ouverture,A20250108809
948944442,LE VIVIER DES HALLES - MAISON MARIZY,Roanne,42300,42,2025-08-01,2025-07-23,Jugement d'ouverture d'une procédure de sauvegarde,Jugement d'ouverture,A202501461179
830801247,LA MAISON DES ARTISANS,Val-de-cognac,16370,16,2024-08-04,2024-07-25,Jugement d'ouverture de liquidation judiciaire,Jugement d'ouverture,A202401502618
831541594,RASPOUTINE SOCIAL CLUB,Berthen,59270,59,2025-07-25,2025-07-22,Jugement d'ouverture de liquidation judiciaire,Jugement d'ouverture,A202501411402
837536531,LE HEAT CLUB 49,Cholet,49300,49,2025-07-24,2025-07-16,Jugement d'ouverture de liquidation judiciaire,Jugement d'ouverture,A202501402016
953874047,LEM CLUB,Meximieux,01800,01,2025-02-04,2025-01-29,Jugement d'ouverture de liquidation judiciaire,Jugement d'ouverture,A202500243070
388979650,MILLAU HOTEL CLUB SARL,Millau,12100,12,2023-05-23,2023-05-09,Jugement d'ouverture d'une procédure de redressement judiciaire,Jugement d'ouverture,A202300982228
984606939,BRASSERIE L'AMICALE F,Plaisance-du-Touch,31830,31,2024-12-29,2024-12-12,Jugement d'ouverture de liquidation judiciaire,Jugement d'ouverture,A202402511045
817772130,PLAYERS CLUB,Perpignan,66000,66,2025-07-18,2025-07-09,Jugement d'ouverture d'une procédure de redressement judiciaire,Jugement d'ouverture,A202501363581
831984323,CLUB WAGRAM,Paris,75017,75,2024-11-17,2024-10-31,Jugement d'ouverture de liquidation judiciaire,Jugement d'ouverture,A202402222825
880103981,UNION TRANSPORT,Bobigny,93000,93,2025-07-13,2025-07-03,Jugement d'ouverture de liquidation judiciaire,Jugement d'ouverture,A202501332380
672013075,UNION TEXTILE DISTRIBUTION - U.T.D.,Saint-Priest,69800,69,2025-04-04,2025-03-27,Jugement prononçant la résolution du plan de redressement et la liquidation judiciaire,Extrait de jugement,A202500674001
326242070,MJC PICHON,Nancy,54000,54,2025-07-10,2025-06-24,Jugement d'ouverture de liquidation judiciaire,Jugement d'ouverture,A202501312760
850509373,USINE UNION FRANCE,Rai,61270,61,2024-09-26,2024-09-24,Jugement d'ouverture de liquidation judiciaire,Jugement d'ouverture,A202401871980
912616737,SAS SLICE CLUB,Rennes,35000,35,2025-07-08,2025-06-25,Jugement d'ouverture de liquidation judiciaire,Jugement d'ouverture,A202501293567
841597370,MMA FIGHT CLUB GYM,Saint Cyr Sur Loire,37540,37,2023-05-19,2023-05-02,Jugement d'ouverture d'une procédure de redressement judiciaire,Jugement d'ouverture,A202300962402
452725799,CLUB MER ET SPORTS,Deauville,14800,14,2025-07-08,2025-06-11,Jugement de clôture pour insuffisance d'actif,Jugement de clôture,A202501293487
308908060,FEDERATION DEPARTEMENTALE MJC,Saint-Quentin,02100,02,2025-07-06,2025-05-19,Autre jugement prononçant,Jugement prononçant,A202501283147
841716046,CLUB SODA,Angoulême,16000,16,2023-08-06,2023-07-27,Jugement d'ouverture de liquidation judiciaire,Jugement d'ouverture,A202301501039
823140215,WS CLUB,Paris,75008,75,2025-07-06,2025-06-19,Jugement d'ouverture de liquidation judiciaire,Jugement d'ouverture,A202501283975
383872892,FOOTBALL CLUB DES GIRONDINS DE BORDEAUX,Le Haillan,33187,33,2024-08-11,2024-07-30,Jugement d'ouverture d'une procédure de redressement judiciaire,Jugement d'ouverture,A202401553421
513060228,"ACA, ATHLETIC CLUB ARLES AVIGNON","Avignon, Arles","84000, 13200",13,2025-02-05,2025-01-28,Liste des créances nées après le jugement d'ouverture d'une procédure de liquidation judiciaire,Avis de dépôt,A202500252573
881921118,FITNESS SPORT CLUB,Marseille,13013,13,2025-05-06,2025-04-30,Jugement d'ouverture d'une procédure de redressement judiciaire,Jugement d'ouverture,A202500873203
911241123,RAHILOU FIGHT CLUB,Cergy,95000,95,2023-12-20,2023-12-11,Jugement d'ouverture de liquidation judiciaire,Jugement d'ouverture,A202302453658
834140329,"YOUNGBARBERS CLUB, YOUNGBARBERS",Paris,75001,75,2023-06-30,2023-06-15,Jugement d'ouverture de liquidation judiciaire,Jugement d'ouverture,A202301252207
320662323,FEDERATION REUNIONNAISE DES COOPERATIVES AGRICOLES (F.R.C.A),Saint-Pierre,97410,974,2024-08-14,2024-05-31,Jugement d'ouverture d'une procédure de redressement judiciaire,Jugement d'ouverture,A202401572101
835263310,"MAISON DE LA GUADELOUPE ET DES ILES, MGI",Saint-François,97118,971,2023-03-03,2023-02-17,Jugement d'ouverture de liquidation judiciaire,Jugement d'ouverture,A202300442736
329208177,LE CLUB TENNISPART MARSEILLE ALLAUCH,Marseille,13006,13,2024-05-07,2024-04-19,Jugement d'ouverture de liquidation judiciaire,Jugement d'ouverture,A202400892931
831351671,PARIS AUTO CLUB,Paris,75006,75,2025-06-20,2025-06-04,Jugement de clôture pour insuffisance d'actif,Jugement de clôture,A202501171640
407756725,ARLES SAUNA CLUB,Arles,13200,13,2024-04-04,2024-03-29,Dépôt de l'état des créances et du projet de répartition,Avis de dépôt,A202400672972
330430646,INTERNATIONAL YACHT CLUB D'ANTIBES,Antibes,06600,06,2025-06-13,2025-06-03,Jugement d'ouverture de liquidation judiciaire,Jugement d'ouverture,A202501122705
532206588,BASKET CLUB ST PAUL REZE,REZE,44400,44,2025-06-13,2025-06-10,Autre jugement et ordonnance,Extrait de jugement,A202501123368
843319757,LE CATCHAO CLUB,Beausemblant,26240,26,2025-06-13,2025-05-05,Jugement de clôture pour insuffisance d'actif,Jugement de clôture,A202501123074
540092202,JACKY UNION LUDGE ETHEVE- J.U.L.E.,Petite île,97429,974,2025-04-17,2025-04-01,Jugement d'ouverture d'une procédure de redressement judiciaire,Jugement d'ouverture,A202500763102
805377579,LE CLUB DE LA FEMME,Clermont-l'hérault,34800,34,2024-05-16,2024-05-13,Jugement d'ouverture de liquidation judiciaire,Jugement d'ouverture,A202400941862
881024145,CLUB NESTER (COLETTE CLUB),Saint-Mandé,94160,94,2025-03-21,2025-03-12,Jugement d'ouverture d'une procédure de redressement judiciaire,Jugement d'ouverture,A202500573845
821273885,UNION ISOLATION AQUITAINE,Saint-jean-de-Marsacq,40230,40,2024-05-19,2024-05-15,Jugement d'ouverture de liquidation judiciaire,Jugement d'ouverture,A202400961748
822847935,UNION DES ARTISANS GIRONDINS,Bobigny,93000,93,2024-07-19,2024-07-09,Jugement d'ouverture de liquidation judiciaire,Jugement d'ouverture,A202401393634
798807731,"UNION DES PRODUCTEURS BIOLOGIQUES DE LA REUNION, UPROBIO",Piton Saint Leu,97424,974,2023-11-19,2023-11-02,Jugement d'ouverture d'une procédure de redressement judiciaire,Jugement d'ouverture,A202302232615
568502165,S.A. UNION DES COOPERATEURS D’ALSACE COOPE,Reichstett,67116,67,2025-05-23,2025-03-24,Jugement de clôture pour insuffisance d'actif,Jugement de clôture,A202500994333
353530090,AZUR FITNESS CLUB,Nice,06000,06,2025-05-22,2025-05-13,Jugement de clôture pour insuffisance d'actif,Jugement de clôture,A202500982299
981320492,PLANET CLUB,Nevers,58000,58,2024-10-11,2024-10-07,Jugement d'ouverture de liquidation judiciaire,Jugement d'ouverture,A202401982005
902330539,L'UNION LOGISTIQUE,Brétigny-sur-Orge,91220,91,2025-05-15,2025-05-05,Jugement d'ouverture de liquidation judiciaire,Jugement d'ouverture,A202500933163
420889792,LE COUNTRY CLUB,Samois-sur-Seine,77920,77,2023-12-19,2023-11-10,Liste des créances nées après le jugement d'ouverture d'une procédure de liquidation judiciaire,Avis de dépôt,A202302443439
928664176,Coachella club,Mareuil-lès-Meaux,77100,77,2025-05-14,2025-04-28,Jugement d'ouverture de liquidation judiciaire,Jugement d'ouverture,A202500921533
830423497,MAGNUM CLUB,Tinqueux,51430,51,2025-05-13,2025-05-06,Jugement d'ouverture de liquidation judiciaire,Jugement d'ouverture,A202500913036
752894006,GOLF CLUB DOCTEUR,Tombeboeuf,47380,47,2025-05-13,2025-04-23,Jugement de clôture pour insuffisance d'actif,Jugement de clôture,A202500912987
414702373,CHAMOIS NIORTAIS FOOTBALL CLUB,Niort,79000,79,2024-09-15,2024-09-10,Jugement d'ouverture de liquidation judiciaire,Jugement d'ouverture,A202401791455
490526530,FONDATION SICHAR,Razines,37120,37,2024-07-04,2024-06-18,Jugement prononçant la résolution du plan de redressement et la liquidation judiciaire,Extrait de jugement,A202401282389
750604142,SUSHI CLUB,Rouen,76000,76,2024-11-10,2024-11-05,Jugement d'ouverture de liquidation judiciaire,Jugement d'ouverture,A202402182631
818659021,OZ CLUB,Châteauneuf-du-Rhône,26780,26,2025-04-25,2025-04-08,Jugement d'ouverture de liquidation judiciaire,Jugement d'ouverture,A202500814071
778649814,COMITÉ DE PROTECTION DE L’ENFANCE DE L’YONNE,Auxerre,89000,89,2025-04-25,2024-11-14,Dépôt de l'état des créances,Avis de dépôt,A202500815219
878867290,CLUB DENFERT,Paris,75017,75,2023-05-07,2023-04-20,Jugement d'ouverture d'une procédure de redressement judiciaire,Jugement d'ouverture,A202300894929
333489953,UNION LAITIERE DE VENISE VERTE - SOCIETE COOPERATIVE AGRICOLE,Maillezais,85420,85,2024-01-16,2023-12-21,Jugement d'ouverture d'une procédure de sauvegarde,Jugement d'ouverture,A202400103135
831324751,COLOR CLUB SAINT AUNES,Saint-Aunès,34130,34,2024-03-21,2024-03-18,Jugement d'ouverture d'une procédure de redressement judiciaire,Jugement d'ouverture,A202400572369
898535968,YA Fondation,Thierville-sur-Meuse,55840,55,2024-09-13,2024-08-29,Jugement d'ouverture d'une procédure de redressement judiciaire,Jugement d'ouverture,A202401782021
851484493,LA MAISON DES SAVEURS,Beauvais,60000,60,2024-10-17,2024-10-08,Jugement d'ouverture de liquidation judiciaire,Jugement d'ouverture,A202402022327
431721851,LA MAISON DES CAPRICORNES,Nice,06200,06,2025-04-15,2025-04-04,Jugement de clôture pour insuffisance d'actif,Jugement de clôture,A202500743314
901574020,LA MAISON DES TATOUEURS,Fort de France,97200,972,2024-02-01,2024-01-15,Jugement d'ouverture de liquidation judiciaire,Jugement d'ouverture,A202400223807
823927462,MJC,Périgueux,24000,24,2024-09-08,2024-09-03,Jugement d'ouverture de liquidation judiciaire,Jugement d'ouverture,A202401741858
482515384,S.C.I. FEDERATION,Saint-Gervais-la-Forêt,41350,41,2023-07-27,2023-06-29,Jugement modifiant le plan de redressement,Extrait de jugement,A202301431660
329085542,MJC INTERCOMMUNALE LODEVOIS LARZAC,Lodève,34700,34,2025-04-02,2025-02-27,Autre jugement prononçant,Jugement prononçant,A202500651283
833450018,AVATON CLUB,Levallois-Perret,92300,92,2023-02-16,2022-12-13,Dépôt de l'état des créances,Avis de dépôt,A202300332477
915409957,Garden Club,Nancy,54000,54,2025-02-06,2025-01-21,Jugement d'ouverture d'une procédure de redressement judiciaire,Jugement d'ouverture,A202500262479
307616466,TENNIS CLUB AUBAGNAIS,Aubagne,13400,13,2025-03-27,2025-02-25,Autre jugement et ordonnance,Extrait de jugement,A202500613395
831539978,SCI MAISON DE SANTE DES SPECIALISTES DU PIEMONT,Beaune,21200,21,2024-07-21,2024-06-20,Autre arrêt de la Cour d'Appel,Arrêt de la Cour d'Appel,A202401402136
800324089,CANAILLE CLUB,Toulouse,31400,31,2024-08-04,2024-07-31,Jugement d'ouverture d'une procédure de redressement judiciaire,Jugement d'ouverture,A202401502721
781860929,SYNDICAT REGIONAL AGRICOLE,Loupiac,33410,33,2025-03-20,2025-02-21,Jugement d'ouverture d'une procédure de redressement judiciaire,Jugement d'ouverture,A202500562901
893644203,UNION CARS,Masny,59176,59,2024-05-02,2024-04-16,Jugement d'ouverture de liquidation judiciaire,Jugement d'ouverture,A202400866451
809719479,SAS CHICKEN CLUB,Château-Thierry,02400,02,2023-02-21,2023-02-09,Jugement de conversion en liquidation judiciaire,Jugement prononçant,A202300362690
259741007,SYNDICAT MIXTE DE PIERREFONDS,Saint-Pierre,97451,974,2025-03-12,2025-02-25,Jugement d'ouverture d'une procédure de redressement judiciaire,Jugement d'ouverture,A202500504659
390603900,MAISON DES POTES DE STRASBOURG,Strasbourg,67100,67,2025-03-12,2024-12-02,Autre jugement prononçant,Jugement prononçant,A202500504253
513931089,LIFE CLUB,Marseille,13006,13,2024-07-02,2024-06-27,Jugement d'ouverture de liquidation judiciaire,Jugement d'ouverture,A202401262842
833801756,TROPICANA CLUB,Saint-Étienne,42100,42,2024-10-11,2024-10-02,Jugement d'ouverture d'une procédure de redressement judiciaire,Jugement d'ouverture,A202401981873
395338072,CLUB N°1 COTE D’AZUR,Nice,06000,06,2023-08-23,2021-12-13,Dépôt de l'état des créances,Avis de dépôt,A202301611721
832710792,LA MAISON DES COULEURS,Valmont,76540,76,2025-03-07,2025-02-28,Jugement d'ouverture de liquidation judiciaire,Jugement d'ouverture,A202500472718
482046406,DU PONEY CLUB DU PEILLARD,Saint-Romain-de-Jalionas,38460,38,2023-02-28,2022-12-08,Dépôt de l'état des créances,Avis de dépôt,A202300412513
324396498,UNION TERRASSEMENTS TRANSPORTS U T T,Marseille,13012,13,2025-03-02,2025-02-26,Dépôt de l'état des créances,Avis de dépôt,A202500431781
775691264,FEDERATION REGIONALE DES MAISONS DES JEUNES ET DE LA CULTURE EN ILE DE FRANCE,Montreuil,93100,93,2024-11-20,2024-10-24,Jugement d'ouverture de liquidation judiciaire,Jugement d'ouverture,A202402243595
483019378,CLUB ARDOISE,Saint-Pantaléon-de-Larche,19600,19,2024-01-23,2024-01-12,Jugement prononçant la résolution du plan de redressement et la liquidation judiciaire,Extrait de jugement,A202400152860
898942339,PROVENCE UNION HABITAT ISOLATION,Monteux,84170,84,2025-02-23,2025-02-12,Jugement d'ouverture de liquidation judiciaire,Jugement d'ouverture,A202500382752
511528051,S.A.S.U. LA MAISON DES ENERGIES,Mundolsheim,67450,67,2025-02-19,2025-01-13,Autre jugement prononçant,Jugement prononçant,A202500351422
821385903,CLUB BEAUTE,Gagny,93220,93,2025-02-13,2025-02-04,Jugement d'ouverture de liquidation judiciaire,Jugement d'ouverture,A202500312962
918771445,MJC MACONNERIE,Beaupréau en mauges,49600,49,2024-02-04,2024-01-24,Jugement d'ouverture de liquidation judiciaire,Jugement d'ouverture,A202400241187
841024342,UNION TELECOM,Melun,77000,77,2024-01-17,2024-01-08,Jugement d'ouverture de liquidation judiciaire,Jugement d'ouverture,A202400112791
909998023,FOOD CLUB,Helfaut,62570,62,2024-03-12,2024-02-29,Jugement d'ouverture de liquidation judiciaire,Jugement d'ouverture,A202400504333
844842880,Inner club,Paris,75011,75,2024-03-31,2024-03-14,Jugement d'ouverture de liquidation judiciaire,Jugement d'ouverture,A202400642709
309346302,ACACIA TENNIS CLUB,Carcassonne,11000,11,2024-04-21,2024-03-19,Jugement d'ouverture de liquidation judiciaire,Jugement d'ouverture,A202400792011
381936590,UNION DES NAGEURS ARLESIENS,Arles,13200,13,2023-08-03,2023-07-06,Jugement de conversion en liquidation judiciaire,Jugement prononçant,A202301482407
428433734,SYNDICAT NATIONAL DU MARKETING AU POINT DE VENTE,Puteaux,92800,92,2025-02-04,2025-01-10,Jugement d'ouverture de liquidation judiciaire,Jugement d'ouverture,A202500243485
795287242,LA MAISON DES CREATEURS,Paris,75010,75,2025-02-02,2025-01-16,Jugement de clôture pour insuffisance d'actif,Jugement de clôture,A202500232528
832039242,LA MAISON DES PATES FRAICHES,Saint-Paul,97434,974,2024-12-06,2024-11-27,Jugement d'ouverture d'une procédure de redressement judiciaire,Jugement d'ouverture,A202402363463
852919208,EDEN CLUB,Grenoble,38000,38,2025-01-31,2025-01-28,Jugement de clôture pour insuffisance d'actif,Jugement de clôture,A202500222334
309634830,LE CLUB 3 DE RICHEBOIS,Salon-de-Provence,13300,13,2023-10-25,2023-10-12,Jugement d'ouverture d'une procédure de redressement judiciaire,Jugement d'ouverture,A202302062679
918281577,LA MAISON DES GOURMANDISES,Autun,71400,71,2024-03-10,2024-03-07,Jugement d'ouverture de liquidation judiciaire,Jugement d'ouverture,A20240049934
800540783,SOCCER CLUB,Vichy,03200,03,2023-06-20,2023-06-16,Liste des créances nées après le jugement d'ouverture d'une procédure de liquidation judiciaire,Avis de dépôt,A202301172835
949907588,TROIS D'UNION,Perros-Guirec,22700,22,2024-02-14,2024-02-07,Jugement d'ouverture d'une procédure de sauvegarde,Jugement d'ouverture,A202400313005
812606374,LE BALA CLUB,Dax,40100,40,2024-07-07,2024-07-03,Jugement prononçant la résolution du plan de redressement et la liquidation judiciaire,Extrait de jugement,A202401301974
752937730,SARL LE PRINCE CLUB,Saint-Denis,97400,974,2024-01-05,2023-12-13,Jugement d'ouverture de liquidation judiciaire,Jugement d'ouverture,A202400032090
482002953,CLUB MENU,Wegscheid,68290,68,2025-01-15,2024-12-18,Jugement de clôture pour insuffisance d'actif,Jugement de clôture,A202500101608
789971140,L'UNION FAIT LA SAUCE,Tourcoing,59200,59,2025-01-15,2025-01-06,Jugement prononçant la résolution du plan de redressement et la liquidation judiciaire,Extrait de jugement,A202500101494
324501428,FEDERATION DEPARTEMENTALE MJC DE LA SOMME,Saint-Quentin,02100,02,2025-01-09,2024-12-16,Autre jugement prononçant,Jugement prononçant,A202500061817
820236545,LA MAISON DES CREATIONS,Draguignan,83300,83,2025-01-09,2025-01-07,Jugement d'ouverture de liquidation judiciaire,Jugement d'ouverture,A202500062059
393191093,MAISON DES OLIVIERS,Carcassonne,11000,11,2024-03-15,2024-02-20,Jugement d'ouverture de liquidation judiciaire,Jugement d'ouverture,A202400531594
839774544,THE BARBER CLUB,Val-de-Reuil,27100,27,2025-01-05,2024-12-26,Jugement d'ouverture de liquidation judiciaire,Jugement d'ouverture,A202500031713
913522165,CLUB DAUMESNIL,Paris,75008,75,2024-10-18,2024-10-02,Jugement d'ouverture d'une procédure de redressement judiciaire,Jugement d'ouverture,A202402033131
421449489,UNION PAVEURS,Cesson-Sévigné,35510,35,2024-06-19,2024-02-08,Dépôt de l'état des créances,Avis de dépôt,A202401173210
484190780,LE CLUB CONSO,Cézy,89410,89,2024-08-01,2024-07-23,Jugement d'ouverture de liquidation judiciaire,Jugement d'ouverture,A202401481028
447533175,BALL TRAP CLUB DE PONS,Pons,17800,17,2024-12-26,2024-11-26,Jugement de clôture pour insuffisance d'actif,Jugement de clôture,A202402491252
832098917,CLUB RENTABILITE,Bordeaux,33000,33,2024-10-27,2024-10-16,Jugement d'ouverture d'une procédure de redressement judiciaire,Jugement d'ouverture,A202402092744
788750198,LE FITNESS CLUB QUATRE ETOILES,Lourdes,65100,65,2023-12-24,2023-12-18,Jugement d'ouverture d'une procédure de redressement judiciaire,Jugement d'ouverture,A202302482521
752039537,CHAPPATI CLUB,Aubergenville,78410,78,2024-06-02,2024-05-23,Jugement d'ouverture de liquidation judiciaire,Jugement d'ouverture,A202401052500
825009848,Restaurant club les grillades libertines,Limoges,87280,87,2023-05-21,2023-05-03,Jugement d'ouverture de liquidation judiciaire,Jugement d'ouverture,A202300974930
529575201,UNION NATIONALE DES BISTROTS MEMOIRE,Rennes,35000,35,2023-07-15,2023-06-29,Jugement d'ouverture de liquidation judiciaire,Jugement d'ouverture,A202301351924
845401967,Union Trading Concept,Ozoir-la-Ferrière,77330,77,2024-12-18,2024-12-09,Jugement d'ouverture de liquidation judiciaire,Jugement d'ouverture,A202402444095
393010178,LE CLUB DES COPAINS,Cluses,74300,74,2023-11-30,2023-11-17,Jugement d'ouverture de liquidation judiciaire,Jugement d'ouverture,A202302312189
830512836,SAS UNION CHARPENTE,Gignac-la-Nerthe,13180,13,2023-02-14,2023-02-09,Jugement d'ouverture de liquidation judiciaire,Jugement d'ouverture,A202300312542
842815292,LE LINK CLUB,Villeneuve-de-Rivière,31800,31,2024-07-19,2024-07-15,Jugement d'ouverture d'une procédure de redressement judiciaire,Jugement d'ouverture,A202401392494
385375548,BARRACUDA CLUB,Cannes,06400,06,2024-11-02,2024-10-22,Jugement de reprise de la procédure de liquidation judiciaire,Extrait de jugement,A202402131698
799668801,LE CLUB,Montpellier,34070,34,2024-12-13,2024-12-06,Jugement de clôture pour insuffisance d'actif,Jugement de clôture,A202402412820
890453020,MAISON DES GOURMANDS,Paray-Vieille-Poste,91550,91,2023-12-06,2023-11-27,Jugement d'ouverture de liquidation judiciaire,Jugement d'ouverture,A202302353102
811945930,"UNION TECHNIQUE DU FROID, U.T.F",Bagnolet,93170,93,2023-07-15,2023-07-05,Jugement d'ouverture de liquidation judiciaire,Jugement d'ouverture,A202301352803
822534525,MJC BOIS,Apinac,42550,42,2023-12-08,2023-11-29,Jugement d'ouverture de liquidation judiciaire,Jugement d'ouverture,A202302371645
881583355,M.S Club,Paris,75784,75,2024-12-06,2024-11-20,Jugement d'ouverture de liquidation judiciaire,Jugement d'ouverture,A202402362872
901673608,OCEAN CLUB ST BARTHS,Saint-Barthélemy,97133,971,2024-12-06,2024-11-25,Jugement d'ouverture de liquidation judiciaire,Jugement d'ouverture,A202402363418
880630322,“COMITE DES FETES DE BOISGERVILLY”,Boisgervilly,35360,35,2023-11-09,2023-10-16,Autre jugement prononçant,Jugement prononçant,A202302162142
838792083,Dream Cars Club,Vénissieux,69200,69,2024-11-29,2024-11-21,Jugement de faillite personnelle,Extrait de jugement,A202402312384
823450218,OB FITNESS CLUB,Montpellier,34070,34,2024-11-27,2024-11-22,Jugement de clôture pour insuffisance d'actif,Jugement de clôture,A202402294019
878787225,CLUB REPUBLIQUE,Paris,75011,75,2023-10-20,2023-10-04,Jugement d'ouverture d'une procédure de redressement judiciaire,Jugement d'ouverture,A202302032248
853806099,LOUISE LE CLUB,Saint-Laurent-du-Var,06700,06,2024-09-27,2024-09-17,Jugement d'ouverture d'une procédure de redressement judiciaire,Jugement d'ouverture,A20240188483
901587345,CLUB NINE,Limoges,87000,87,2023-03-24,2023-03-08,Jugement d'ouverture de liquidation judiciaire,Jugement d'ouverture,A202300592602
919335224,Prestige Club,Puilboreau,17138,17,2023-11-28,2023-11-21,Jugement d'ouverture de liquidation judiciaire,Jugement d'ouverture,A202302292792
897916037,SUSHI MASTER CLUB,La Ciotat,13600,83,2024-04-26,2024-04-17,Dépôt de l'état des créances,Avis de dépôt,A202400834112
886180306,"UNION TEXTILE EUROPEENNE, U.T.E.",Neuville-en-Ferrain,59532,59,2023-08-02,2023-07-24,Jugement d'ouverture d'une procédure de sauvegarde,Jugement d'ouverture,A202301472095
344716741,AMICALE DES HOSPITALIERS D’AVIGNON,Avignon,84000,84,2024-11-14,2024-10-22,Jugement d'ouverture d'une procédure de redressement judiciaire,Jugement d'ouverture,A202402203297
799968169,LIGHT CLUB,Les Pavillons-sous-Bois,93320,93,2023-09-21,2023-09-12,Jugement d'ouverture d'une procédure de redressement judiciaire,Jugement d'ouverture,A202301822195
483641197,UNION LANDAISE DES INDUSTRIES DU SCIAGE,Saint-Vincent-de-Paul,40990,40,2024-11-08,2024-10-30,Jugement de clôture pour insuffisance d'actif,Jugement de clôture,A202402172668
499537371,SARL MJC RENOVATION,Limoges,87000,87,2024-11-08,2024-10-23,Jugement de clôture pour insuffisance d'actif,Jugement de clôture,A202402173339
911996700,SET CLUB,Saint-Malo,35400,35,2024-01-18,2024-01-11,Jugement d'ouverture de liquidation judiciaire,Jugement d'ouverture,A202400122543
841112758,SAS MDGES (MAISON DES GROSSISTES - ETUDES DE SOL),Saint-Médard-en-Jalles,33160,33,2024-04-21,2024-04-11,Liste des créances nées après le jugement d'ouverture d'une procédure de liquidation judiciaire,Avis de dépôt,A202400792102
750536377,La Maison des Pains,Maulévrier,49360,49,2023-06-27,2023-06-21,Jugement d'ouverture de liquidation judiciaire,Jugement d'ouverture,A202301222702
775925167,ORGANISME GESTION ENSEIGNEMENT CATHOLIQUE - OGEC,Saint-Ambroix,30500,30,2024-10-23,2024-10-02,Dépôt de l'état des créances,Avis de dépôt,A202402062632
843650508,LE CLUB 99,Paris,75116,75,2024-10-20,2024-10-03,Jugement d'ouverture de liquidation judiciaire,Jugement d'ouverture,A202402043021
533486668,FONDATION FRANCAIS POUR L’ALIMENTATION ET LA SANTE,Paris,75116,75,2024-10-18,2024-09-26,Jugement de clôture pour insuffisance d'actif,Jugement de clôture,A202402033208
903614303,WINX CLUB MUSICAL SHOW,Paris,75009,75,2023-04-13,2023-03-28,Jugement d'ouverture de liquidation judiciaire,Jugement d'ouverture,A202300733132
529924615,CLUB SERVICES,Juan les Pins,06160,06,2024-10-11,2024-10-01,Jugement de clôture pour insuffisance d'actif,Jugement de clôture,A202401981388
491701041,LM2A (LA MAISON DES ARTISANS ANTIBOIS),Antibes,06600,06,2023-07-11,2023-07-04,Jugement d'ouverture de liquidation judiciaire,Jugement d'ouverture,A202301322929
751860057,LE BIP BIP CLUB,Gailhan,30260,30,2024-10-11,2024-10-02,Jugement de clôture pour insuffisance d'actif,Jugement de clôture,A202401981660
380652396,TENNIS CLUB JANZEEN - TC JANZE,Janzé,35150,35,2023-08-10,2023-07-12,Autre jugement prononçant,Jugement prononçant,A202301531673
898039250,UNION BAT,Paris,75018,75,2024-10-06,2024-09-19,Jugement d'ouverture de liquidation judiciaire,Jugement d'ouverture,A202401942500
778869651,COMITE D’ACTION SOCIALE EN FAVEUR DES POPULATIONS ISSUES DE L’IMMIGRATION,Strasbourg,67000,67,2024-10-06,2024-08-26,Jugement de clôture pour insuffisance d'actif,Jugement de clôture,A202401942455
432284982,UNION SPORTIVE COMPIEGNE CLUB OISE,Compiègne,60200,60,2024-10-04,2024-09-13,Jugement de clôture pour insuffisance d'actif,Jugement de clôture,A202401932769
419807730,PILOU'S CLUB HOUSE,Caen,14000,14,2024-02-25,2024-02-21,Jugement d'ouverture de liquidation judiciaire,Jugement d'ouverture,A202400392181
844503136,CLUB 58,Limoges,87100,87,2024-09-27,2024-09-11,Jugement d'ouverture de liquidation judiciaire,Jugement d'ouverture,A202401881555
879043883,ST GEL'Y CLUB,Saint-gély-du-Fesc,34980,34,2024-01-30,2024-01-22,Jugement d'ouverture de liquidation judiciaire,Jugement d'ouverture,A202400202849
878790021,HUNTING CLUB CONSULTING,Brosville,27930,27,2023-07-17,2023-07-06,Jugement d'ouverture de liquidation judiciaire,Jugement d'ouverture,A202301363045
819988502,GB CLUB,Saint-Étienne,42000,42,2024-09-13,2024-09-04,Jugement de clôture pour insuffisance d'actif,Jugement de clôture,A202401781909
891557001,LE YACHT CLUB DE DUNKERQUE,Leffrinckoucke,59495,59,2023-11-12,2023-11-07,Jugement d'ouverture de liquidation judiciaire,Jugement d'ouverture,A202302182507
750305583,SAS NORMANDY COUNTRY CLUB,Paris,75013,93,2024-09-02,2024-08-22,Jugement d'ouverture de liquidation judiciaire,Jugement d'ouverture,A202401703260
832040778,FEDERATION DE TAY VU DAO ET DISCIPLINES ASSOCIES,,,13,2024-08-29,,Jugement de clôture pour insuffisance d'actif,Jugement de clôture,A202401671365
310246020,SYNDICAT FED MAITES NAGEURS SAUVETEURS FMNS,Le Bouscat,33110,33,2024-08-18,2024-08-01,Jugement d'ouverture de liquidation judiciaire,Jugement d'ouverture,A202401592196
350103875,CLUB EQUILIBRE,Saint-Cyr-au-Mont-d'Or,69450,69,2023-07-28,2023-07-19,Jugement d'ouverture d'une procédure de sauvegarde,Jugement d'ouverture,A202301442592
839271400,"Caribou Gourmet Club, CGC",Paris,75015,75,2023-09-21,2023-09-05,Jugement d'ouverture de liquidation judiciaire,Jugement d'ouverture,A202301821821
831873351,MANTA CLUB GROUPE,Bandol,83150,83,2023-04-14,2023-04-04,Jugement d'ouverture de liquidation judiciaire,Jugement d'ouverture,A202300742513
794616003,LA MAISON DES POSSIBLES,Morlaix,29600,29,2023-06-18,2023-06-13,Jugement d'ouverture d'une procédure de sauvegarde,Jugement d'ouverture,A202301161889
751155565,CLUB EVASION SARL,Les trois îlets,97229,972,2023-06-09,2023-05-23,Jugement d'ouverture de liquidation judiciaire,Jugement d'ouverture,A202301103411
830669214,GROUPE CLUB CESAR,Salon-de-Provence,13300,13,2023-08-03,2023-07-24,Jugement d'ouverture d'une procédure de redressement judiciaire,Jugement d'ouverture,A202301482380
533240859,SARL LE CLUB 37,Saint-Brieuc,22000,22,2024-07-25,2024-07-17,Jugement d'ouverture de liquidation judiciaire,Jugement d'ouverture,A202401431859
894345552,GROUPE CENTRE DISTRIBUTION MATERIAUX UNION,Saint-Médard-en-Jalles,33160,33,2023-03-10,2022-11-14,Dépôt de l'état des créances,Avis de dépôt,A202300492571
878563188,SAS Breakfast Club,Les Belleville,73440,73,2023-01-19,2023-01-10,Jugement d'ouverture d'une procédure de redressement judiciaire,Jugement d'ouverture,A202300131711
484736640,SCI CLUB DE BRETAGNE,Saint-Urbain,29800,29,2024-02-18,2024-01-22,Jugement d'ouverture de liquidation judiciaire,Jugement d'ouverture,A202400342242
352418495,UNION FEDERALE DES CONSOMMATEURS (UFC) - QUE CHOISIR AVIGNON,Avignon Cedex 2,84082,84,2024-07-17,2024-07-02,Jugement de clôture pour insuffisance d'actif,Jugement de clôture,A202401371101
782609481,COMITE DE L’ENFANCE ET DE LA JEUNESSE DES ALPES-MARITIMES,Nice,06300,06,2024-07-16,2024-06-17,Autre jugement de clôture,Jugement de clôture,A202401362877
795403005,PRADO CLUB 1,Marseille,13008,13,2023-12-17,2023-12-13,Dépôt de l'état des créances,Avis de dépôt,A202302432174
878867456,CLUB ETOILE,Paris,75017,75,2024-05-07,2022-05-03,Dépôt de l'état des créances,Avis de dépôt,A202400893215
777183351,MAISON DES JEUNES ET DE LA CULTURE,Albi,81000,81,2024-07-09,2024-06-11,Jugement de clôture pour insuffisance d'actif,Jugement de clôture,A202401313455
323622316,SCCC DE LA RESIDENCE CLUB DU BOIS DORE,La Rochelle,17000,17,2023-07-15,2023-06-30,Jugement d'ouverture de liquidation judiciaire,Jugement d'ouverture,A202301351699
907556112,TF UNION SERVICE,Paris,75012,75,2024-07-05,2024-06-19,Jugement d'ouverture de liquidation judiciaire,Jugement d'ouverture,A202401292978
404081051,BODY BUILDING CLUB DU VALINCO,Propriano,20110,2A,2024-01-16,2023-12-19,Jugement d'ouverture d'une procédure de redressement judiciaire,Jugement d'ouverture,A202400102715
351223474,JP CLUB,Marseille,13014,13,2024-07-03,2024-06-11,Jugement de clôture pour insuffisance d'actif,Jugement de clôture,A202401273379
839544301,LIGUE VTC,Melun,77000,77,2024-07-03,2024-06-24,Jugement d'ouverture de liquidation judiciaire,Jugement d'ouverture,A202401273921
840314876,CLUB AUTO ROMAINVILLE,Romainville,93230,93,2024-07-02,2024-06-20,Jugement d'ouverture de liquidation judiciaire,Jugement d'ouverture,A202401263377
493231062,UNION DES LABORATOIRES D'ANALYSES DU BATIMENT (ULAB),Lognes,77185,77,2023-09-28,2023-09-11,Jugement de conversion en liquidation judiciaire,Jugement prononçant,A202301872076
580800456,L'UNION DES PEINTRES,Toulouse,31200,31,2024-06-21,2024-06-11,Liste des créances nées après le jugement d'ouverture d'une procédure de liquidation judiciaire,Avis de dépôt,A202401191969
830692364,"MAISON DES DELICES, M.D.",Villard-Bonnot,38190,38,2024-04-26,2024-04-17,Liste des créances nées après le jugement d'ouverture d'une procédure de liquidation judiciaire,Avis de dépôt,A202400833494
438049892,CLUB EQUILIBRES,Ajaccio,20000,2B,2024-06-18,2024-05-21,Jugement d'ouverture de liquidation judiciaire,Jugement d'ouverture,A202401162926
947250262,CLUB 1900,Mulhouse,68100,68,2023-07-15,2023-06-21,Jugement d'ouverture de liquidation judiciaire,Jugement d'ouverture,A202301352337
452135544,BIO CLUB,Brié-et-Angonnes,38320,38,2023-06-09,2023-06-06,Jugement d'ouverture d'une procédure de sauvegarde,Jugement d'ouverture,A202301102677
502002165,FEDERATION DES CENTRES CULTURELS TURCS DE PARIS,Paris,75010,75,2023-04-14,2023-02-28,Dépôt de l'état des créances,Avis de dépôt,A202300742378
853997260,FEDERATION NATIONALE DE COORDINATION POUR L’HOSPITALISATION ET LE MAINTIEN A DOMICILE DES SERVICES ET SOINS AM,Paris,75012,75,2024-06-09,2024-05-16,Jugement d'ouverture de liquidation judiciaire,Jugement d'ouverture,A202401102059
538051335,SYNDICAT COMMERCE INDEPENDANT DEMOCRATIQUE,Paris,75009,75,2023-10-19,2023-09-28,Jugement modifiant le plan de redressement,Extrait de jugement,A202302022272
428930077,NEW UNION BAT,Dunkerque,59640,59,2024-06-07,2024-05-30,Liste des créances nées après le jugement d'ouverture d'une procédure de liquidation judiciaire,Avis de dépôt,A202401093420
520217704,SARL L' UNION,Carpentras,84200,84,2023-02-10,2023-02-01,Jugement d'ouverture d'une procédure de redressement judiciaire,Jugement d'ouverture,A202300292307
852696087,CLUB HISI,Roubaix,59100,59,2024-06-05,2024-05-27,Jugement d'ouverture de liquidation judiciaire,Jugement d'ouverture,A202401073900
794275214,Le Tigre Yoga Club,Paris,75008,75,2023-03-23,2023-03-07,Jugement d'ouverture d'une procédure de sauvegarde,Jugement d'ouverture,A202300584014
532299369,ACTISSIA CLUB,Paris,75017,75,2023-12-29,2023-12-11,Liste des créances nées après le jugement d'ouverture d'une procédure de liquidation judiciaire,Avis de dépôt,A202302512398
893147025,BAN CLUB,Lyon,69001,69,2023-11-12,2023-10-31,Jugement d'ouverture de liquidation judiciaire,Jugement d'ouverture,A202302182549
948721303,VIP CLUB,Baugé en Anjou,49150,49,2023-07-30,2023-07-26,Jugement d'ouverture de liquidation judiciaire,Jugement d'ouverture,A202301452100
833353535,IRON FITNESS CLUB,Saint-Soupplets,77165,77,2024-01-19,2024-01-03,Jugement d'ouverture d'une procédure de redressement judiciaire,Jugement d'ouverture,A202400132928
878866748,CLUB BASTILLE,Paris,75017,75,2024-05-12,2024-04-24,Jugement de clôture pour insuffisance d'actif,Jugement de clôture,A202400913874
853768141,COLOR CLUB BEZIERS,Béziers,34500,34,2024-05-10,2024-05-02,Jugement d'ouverture de liquidation judiciaire,Jugement d'ouverture,A202400902375
842119885,BODY FITNESS CLUB,Vigneux-sur-Seine,91270,91,2023-04-21,2023-04-12,Dépôt de l'état des créances,Avis de dépôt,A202300792758
800530792,SARL HOLDING DE L'UNION,Montbéliard,25200,25,2023-09-13,2023-07-26,Jugement d'ouverture de liquidation judiciaire,Jugement d'ouverture,A202301762272
812987675,LA MAISON DES ARTISANS,Cezac,33620,33,2024-05-02,2024-04-15,Jugement d'ouverture de liquidation judiciaire,Jugement d'ouverture,A202400865987
830898664,"ESPRIT FITNESS CLUB, EFC",Saint-François,97118,971,2024-05-02,2024-04-18,Jugement de clôture pour insuffisance d'actif,Jugement de clôture,A202400867254
793833922,S.C.M. LA MAISON DES SOIGNANTS,Saint-Philippe,97442,974,2024-04-26,2024-04-02,Autre jugement prononçant,Jugement prononçant,A202400834222
828442970,"XTREM CLUB, XTREM",Monsireigne,85110,85,2023-08-04,2023-07-19,Jugement d'ouverture de liquidation judiciaire,Jugement d'ouverture,A202301492562
845041524,JOIE CLUB,Cannes,06400,06,2024-04-26,2024-04-16,Jugement de clôture pour insuffisance d'actif,Jugement de clôture,A202400833200
834218513,TRAIT D'UNION SAS,Grandfresnoy,60680,60,2023-07-21,2023-07-12,Jugement d'ouverture de liquidation judiciaire,Jugement d'ouverture,A202301391625
524896206,LE LOFT - CLUB DE FORME,Ambronay,01500,01,2023-03-22,2023-03-15,Jugement de conversion en liquidation judiciaire,Jugement prononçant,A202300572534
388551004,LA MAISON DES COSMETIQUES,Valence,26000,26,2024-04-19,2024-04-16,Jugement modifiant le plan de continuation,Extrait de jugement,A202400781787
632016309,ORPHEE CLUB,Paris,75116,75,2024-02-25,2024-02-08,Liste des créances nées après le jugement d'ouverture d'une procédure de liquidation judiciaire,Avis de dépôt,A202400392581
905295465,OH MY CLUB,Le Juch,29100,29,2023-11-22,2023-11-17,Jugement d'ouverture de liquidation judiciaire,Jugement d'ouverture,A202302251949
831344585,CLUB PLUS PLUS AUTO MOTO BATEAU ECOLE,Paris,75016,75,2023-07-09,2023-06-22,Jugement d'ouverture de liquidation judiciaire,Jugement d'ouverture,A202301312549
904141793,TRAIT D'UNION,Sannois,95110,95,2023-01-12,2023-01-03,Jugement d'ouverture de liquidation judiciaire,Jugement d'ouverture,A202300082205
843265356,LE CLUB PRIMEUR,Rungis Cedex,94581,94,2023-02-10,2023-02-01,Jugement d'ouverture de liquidation judiciaire,Jugement d'ouverture,A202300292451
800370959,BOUCHERIE DE L'UNION,Wattrelos,59150,59,2023-06-21,2023-06-12,Jugement d'ouverture de liquidation judiciaire,Jugement d'ouverture,A202301183519
524680931,JOCKEY CLUB,Sevran,93270,93,2023-07-04,2023-06-05,Dépôt de l'état des créances,Avis de dépôt,A202301271377
452486251,"CLUB TELECOM 12 INVEST, MURAT VAL INVEST",Rodez,12000,12,2024-04-07,2024-03-26,Jugement d'extension de liquidation judiciaire,Jugement d'ouverture,A202400692075
390152643,NEW FIDBA CLUB,Nouzonville,08700,08,2024-04-07,2024-03-21,Jugement de clôture pour insuffisance d'actif,Jugement de clôture,A202400692012
883111320,LE CLUB BEAULIEU,Nantes,44100,44,2023-07-15,2023-06-28,Liste des créances nées après le jugement d'ouverture d'une procédure de liquidation judiciaire,Avis de dépôt,A202301352072
321610305,CENTRE SOCIAL AGC,Valréas,84600,84,2023-05-25,2023-04-28,Jugement d'ouverture d'une procédure de redressement judiciaire,Jugement d'ouverture,A202301002275
511333213,SPORT UNION,Innenheim,67880,67,2023-05-24,2022-08-24,Dépôt de l'état des créances,Avis de dépôt,A202300994283
439939844,CENTRE SOCIAL INTERCOMMUNAL DE LA DHUYS,Clichy-sous-Bois,93390,93,2024-04-04,2024-03-14,Jugement d'ouverture de liquidation judiciaire,Jugement d'ouverture,A202400673596
750700874,MAZOLA CLUB,Saint-Quentin,02100,02,2023-04-19,2023-03-17,Jugement d'ouverture de liquidation judiciaire,Jugement d'ouverture,A202300772686
351752456,DECO CLUB,Saint-Herblain,44800,44,2024-04-02,2023-11-15,Dépôt de l'état des créances,Avis de dépôt,A202400653672
802165381,EPI CLUB,Paris,75015,75,2023-12-10,2023-11-23,Jugement d'ouverture de liquidation judiciaire,Jugement d'ouverture,A202302383390
877677906,FEDERATION NATIONALE DES TIERS EMPLOYEURS,Tours,37000,37,2023-07-06,2023-06-20,Jugement d'ouverture de liquidation judiciaire,Jugement d'ouverture,A202301294452
819548603,LA MAISON DES BONS PAINS,Mulhouse,68200,68,2023-03-31,2023-03-08,Jugement d'ouverture de liquidation judiciaire,Jugement d'ouverture,A202300642116
779100809,GROUPE SCOLAIRE DU SACRE COEUR - OGEC,Riom-ès-Montagnes,15400,15,2023-07-12,2023-06-21,Jugement de conversion en liquidation judiciaire,Jugement prononçant,A202301332195
889978219,Food Quality Club,Dunkerque,59240,59,2023-02-10,2023-02-02,Dépôt de l'état des créances,Avis de dépôt,A202300291929
878791037,CLUB MONTPARNASSE,Paris,75017,75,2023-07-27,2023-07-11,Jugement de plan de redressement,Extrait de jugement,A202301431708
891985400,LA MAISON DES OSTEOS,Lyon,69009,69,2023-09-22,2023-09-12,Jugement d'ouverture de liquidation judiciaire,Jugement d'ouverture,A202301833134
308601178,MOUVEMENT RURAL DE L’HERAULT FEDERATION DEPARTEMENTALE DES FOYERS RURAUX,Lodève,34700,34,2023-12-31,2023-12-13,Dépôt de l'état des créances,Avis de dépôt,A202302522620
781759139,TENNIS CLUB D’ARCACHON,Arcachon,33120,33,2024-03-06,2024-02-16,Jugement modifiant le plan de redressement,Extrait de jugement,A202400463414
888497898,UZAN CLUB,Vienne,38200,38,2023-07-21,2023-07-11,Jugement d'ouverture d'une procédure de redressement judiciaire,Jugement d'ouverture,A202301391467
947838876,DL SPORT CLUB,Vaux-sur-Mer,17640,17,2023-07-30,2023-07-20,Jugement d'ouverture de liquidation judiciaire,Jugement d'ouverture,A202301451841
408960201,CENTRE SOCIAL ET CULTUREL MARTIN BIDOURE,Saint-Maximin-la-Sainte-Baume,83470,83,2024-02-21,2024-01-31,Autre jugement prononçant,Jugement prononçant,A202400364049
905241402,LA MAISON DES FRAGRANCES,Longvic,21600,21,2023-05-07,2023-04-25,Jugement d'ouverture de liquidation judiciaire,Jugement d'ouverture,A202300894512
310551460,FEDERATION DES ASSOCIATIONS ADMR DU FINISTERE,Plabennec,29860,29,2024-02-21,2023-11-13,Jugement de clôture pour insuffisance d'actif,Jugement de clôture,A202400363531
390043032,COMITE ASS DEFENSE DES MALADES INVALIDES (AMI),Bordeaux,33000,33,2023-02-24,2023-02-17,Jugement d'ouverture de liquidation judiciaire,Jugement d'ouverture,A202300391805
884819897,I MOTION CLUB ROUEN,Rouen,76000,76,2023-10-15,2023-10-10,Jugement d'ouverture de liquidation judiciaire,Jugement d'ouverture,A202301992475
444044432,UNION DES MUTUELLES REGION GUADELOUPE (UMRG),Pointe-à-Pitre,97110,971,2024-02-08,2024-01-15,Jugement de clôture pour insuffisance d'actif,Jugement de clôture,A202400271711
884350018,THE RADIANCE CLUB,Aix-en-Provence,13100,13,2023-04-07,2023-03-23,Jugement d'ouverture d'une procédure de redressement judiciaire,Jugement d'ouverture,A202300692054
839877289,PONEY CLUB DE LUSSAT SAS,Lussat,23170,23,2023-01-27,2023-01-09,Jugement d'ouverture de liquidation judiciaire,Jugement d'ouverture,A202300191567
812921997,UNION TRANS GROUPE,Villepinte,93420,93,2023-10-19,2023-10-10,Jugement d'interdiction de gérer,Extrait de jugement,A202302022463
821680501,O'SPORTS CLUB,La Garde,83130,83,2024-01-19,2024-01-11,Jugement de clôture pour insuffisance d'actif,Jugement de clôture,A202400133122
397653478,FOOTBALL CLUB DE SETE,Sète,34200,34,2023-05-14,2023-04-01,Jugement de désignation des organes de la procédure,Jugement d'ouverture,A202300931620
421765892,TENNIS CLUB MONTALTOIS,Montaut,64800,64,2024-01-07,2023-11-28,Jugement de clôture pour insuffisance d'actif,Jugement de clôture,A202400041873
812446656,"FIG CLUB, FC",Cluses,74300,74,2023-12-29,2023-12-13,Dépôt de l'état des créances,Avis de dépôt,A202302512333
803072081,MJC - INFO,Le Bourget,93350,93,2023-12-28,2023-12-19,Jugement de clôture pour insuffisance d'actif,Jugement de clôture,A202302502863
878795053,CLUB SAINT-LAZARE,Paris,75017,75,2023-05-11,2023-04-25,Jugement de conversion en liquidation judiciaire,Jugement prononçant,A202300912807
853873883,"ANNE FOOD CLUB, AFC",Cayenne,97300,973,2023-05-23,2023-05-05,Jugement d'ouverture d'une procédure de redressement judiciaire,Jugement d'ouverture,A202300982745
900163379,"UNION TRADING COMPANY, UTC",Reims,51100,51,2023-09-19,2023-09-12,Jugement d'ouverture d'une procédure de redressement judiciaire,Jugement d'ouverture,A202301802620
883111361,LE CLUB ST SEB,Nantes,44100,44,2023-07-15,2023-06-28,Liste des créances nées après le jugement d'ouverture d'une procédure de liquidation judiciaire,Avis de dépôt,A202301352074
538350463,LE CLUB HOUSE,Étiolles,91450,77,2023-12-10,2023-11-13,Jugement prononçant la résolution du plan de redressement et la liquidation judiciaire,Extrait de jugement,A202302383614
887708311,LE CLUB COLOMBIA,Nantes,44100,44,2023-07-15,2023-06-28,Liste des créances nées après le jugement d'ouverture d'une procédure de liquidation judiciaire,Avis de dépôt,A202301352073
435327622,LE CLUB,Grenoble,38000,38,2023-05-21,2023-05-10,Jugement d'ouverture de liquidation judiciaire,Jugement d'ouverture,A202300974298
792262271,"MEDIA COMITE D'ENTREPRISE, MCE",Paris,75009,75,2023-11-29,2023-11-14,Jugement d'ouverture de liquidation judiciaire,Jugement d'ouverture,A202302305655
428240808,CENTRE SOCIAL MOULIN POTENNERIE,Roubaix,59100,59,2023-11-28,2023-11-10,Jugement de clôture pour insuffisance d'actif,Jugement de clôture,A202302292997
814947834,UNION,Paris,75011,75,2023-11-24,2023-11-08,Jugement de clôture pour insuffisance d'actif,Jugement de clôture,A202302272741
905300877,L'union sacrée,Paris,75016,75,2023-11-19,2023-11-02,Jugement d'ouverture de liquidation judiciaire,Jugement d'ouverture,A202302232360
844387795,"UNION DES MACONS, UDM",Bobigny,93000,93,2023-02-05,2023-01-26,Jugement de faillite personnelle,Extrait de jugement,A202300252742
499949758,"UNION TRAVAUX AQUITAINE, UTA",Floirac,33270,33,2023-11-17,2022-12-21,Dépôt de l'état des créances,Avis de dépôt,A202302222019
833836497,NS FONDATION,Vendôme,41100,41,2023-11-17,2023-11-10,Jugement de clôture pour insuffisance d'actif,Jugement de clôture,A202302222191
502211709,L’AMICALE ZIBELINE,Marseille,13001,13,2023-11-12,2023-10-14,Jugement de clôture pour insuffisance d'actif,Jugement de clôture,A202302182164
424199768,SPORTING CLUB CRUASSIEN,Cruas,07350,07,2023-11-12,2023-10-20,Autre jugement prononçant,Jugement prononçant,A202302182139
532940400,LE GLAM'S CLUB,Nevers,58000,58,2023-11-09,2023-11-06,Jugement de clôture pour insuffisance d'actif,Jugement de clôture,A202302162273
325306983,UNION DES METIERS ET DE L’INDUSTRIE HÔTELIERE,Vesoul,70000,70,2023-11-08,2023-10-10,Jugement de clôture pour insuffisance d'actif,Jugement de clôture,A202302153513
823140868,LA MAISON DES ARCHIS,La Valette-du-Var,83160,83,2023-11-03,2023-10-24,Jugement d'ouverture d'une procédure de redressement judiciaire,Jugement d'ouverture,A202302123447
490331071,LE CLUB SQUASH BADMINTON,Varennes-lès-Mâcon,71000,71,2023-11-03,2023-10-27,Jugement de clôture pour insuffisance d'actif,Jugement de clôture,A202302123196
351618574,"UNION ANTILLAISE DE CONSTRUCTION, UAC",Saint-Joseph,97212,972,2023-10-27,2023-10-10,Jugement de clôture pour insuffisance d'actif,Jugement de clôture,A202302083080
789310315,"GREEN PERFORMANCE LA MAISON DES NOUVELLES TECHNOLOGIES, LMNT",Guerande,44350,44,2023-10-27,2023-10-11,Jugement de clôture pour insuffisance d'actif,Jugement de clôture,A202302082295
447725110,COMITE DEPARTEMENTAL DE TAMBOURIN DE L’HERAULT,Montpellier,34080,34,2023-04-23,2023-04-11,Autre jugement prononçant,Jugement prononçant,A202300801977
391436565,SPORTING CLUB CLEMENCEAU,Besançon,25000,25,2023-10-19,2023-09-26,Autre jugement prononçant,Jugement prononçant,A202302021932
807754528,FUNCTIONAL FITNESS CLUB,Langon,33210,33,2023-10-18,2023-07-25,Dépôt de l'état des créances,Avis de dépôt,A202302013108
384524484,LA PLAYA CLUB,Fréjus,83600,83,2023-10-15,2023-10-10,Jugement de clôture pour insuffisance d'actif,Jugement de clôture,A202301992545
814312112,"COMITE D’ACTION ET DE SOUTIEN POUR LA RECHERCHE ANTI-CANCEREUSE, CASRAC",Reims,51100,51,2023-10-15,2023-09-28,Dépôt de l'état des créances,Avis de dépôt,A202301992254
843617820,CLUB PARFAITE,Mulhouse,68100,68,2023-10-12,2023-09-20,Jugement de clôture pour insuffisance d'actif,Jugement de clôture,A202301972606
508106960,"FOOTBALL CLUB ISTRES OUEST PROVENCE, F.C.I.O.P",Istres,13800,13,2023-10-11,2023-09-28,Jugement de clôture pour insuffisance d'actif,Jugement de clôture,A202301963035
790476824,CLUB DECO,Aubervilliers,93300,93,2023-10-10,2023-09-29,Jugement de clôture pour insuffisance d'actif,Jugement de clôture,A202301952851
901261586,ONE COACHING L'UNION,L'Union,31240,31,2023-03-31,2023-03-27,Jugement d'ouverture de liquidation judiciaire,Jugement d'ouverture,A202300641819
810147314,"WORLD GAMING FEDERATION, WGF",Boulogne-Billancourt,92100,92,2023-03-23,2023-03-14,Jugement d'ouverture d'une procédure de redressement judiciaire,Jugement d'ouverture,A202300584129
899368195,Trait d'Union,Paris,75017,75,2023-02-24,2023-02-08,Jugement d'ouverture de liquidation judiciaire,Jugement d'ouverture,A202300392327
828863118,LE SET CLUB,Lille,59800,59,2023-02-02,2023-01-23,Jugement d'ouverture de liquidation judiciaire,Jugement d'ouverture,A202300232297
913581492,H4 Club,Châtellerault,86100,86,2023-09-28,2023-09-12,Liste des créances nées après le jugement d'ouverture d'une procédure de liquidation judiciaire,Avis de dépôt,A202301872116
820016707,SAS DIJON HOCKEY CLUB,Dijon,21000,21,2023-09-26,2023-09-04,Dépôt de l'état des créances,Avis de dépôt,A202301852584
834897910,SATNAM CLUB,Bordeaux,33000,33,2023-09-24,2023-09-13,Jugement d'ouverture d'une procédure de redressement judiciaire,Jugement d'ouverture,A202301841858
812981140,LE MAJESTY CLUB SAS,Limoges,87000,87,2023-04-19,2023-04-03,Liste des créances nées après le jugement d'ouverture d'une procédure de liquidation judiciaire,Avis de dépôt,A202300772999
851152652,Restaurant du Yachting Club,Dunkerque,59140,59,2023-09-22,2023-09-07,Jugement de clôture pour insuffisance d'actif,Jugement de clôture,A202301833016
848503801,LA MAISON DES SENS,Chevrainvilliers,77760,77,2023-09-20,2023-09-11,Jugement de clôture pour insuffisance d'actif,Jugement de clôture,A202301813308
798016796,CLUB SPORTIF SEDAN ARDENNES et par abréviation CSSA,Bazeilles,08140,08,2023-09-13,2023-08-28,Jugement d'ouverture de liquidation judiciaire,Jugement d'ouverture,A202301762094
434881413,AQUALLAN CLUB,Ecole-Valentin,25480,25,2023-02-23,2023-02-15,Jugement d'ouverture de liquidation judiciaire,Jugement d'ouverture,A202300381791
404086639,SOUILLAC GOLF & COUNTRY CLUB,Lachapelle-Auzac,46200,46,2023-09-13,2023-09-04,Jugement de clôture pour insuffisance d'actif,Jugement de clôture,A202301762449
853444982,LA MAISON DES REGIONS,Clamart,92140,92,2023-04-09,2023-03-30,Jugement d'ouverture de liquidation judiciaire,Jugement d'ouverture,A202300702460
852534338,ACCS FUTSAL CLUB PARIS VA 92,Villeneuve-la-Garenne,92390,92,2023-08-13,2023-02-16,Dépôt de l'état des créances,Avis de dépôt,A202301552078
817761034,LES AMIS DE LA FONDATION MANUEL RIVERA-0RTIZ,Arles,13200,13,2023-08-08,2023-07-06,Jugement de clôture pour insuffisance d'actif,Jugement de clôture,A202301512771
498798651,"COMITE, Rose-Marie, Laurence",Gap,05000,05,2023-01-27,2023-01-19,Jugement d'ouverture de liquidation judiciaire,Jugement d'ouverture,A202300191432
379903123,HOTEL CLUB CHALETS MARGOT,le Devoluy,05250,05,2023-06-30,2023-06-26,Liste des créances nées après le jugement d'ouverture d'une procédure de liquidation judiciaire,Avis de dépôt,A202301251330
813458197,"JACKY UNION LUDGE ETHEVE Travaux Publics, J.U.L.E. T.P.",Petite Ile,97429,974,2023-03-30,2023-03-14,Jugement de faillite personnelle,Extrait de jugement,A202300632952
842855546,La Ligue,Rouen,76100,76,2023-01-27,2023-01-24,Jugement de conversion en liquidation judiciaire,Jugement prononçant,A202300192205
914833736,LE PHENIX CLUB,Selles-sur-Cher,41130,41,2023-07-28,2023-07-21,Jugement d'ouverture de liquidation judiciaire,Jugement d'ouverture,A202301442273
801014127,"VITTEL HORSE CLUB, VHC",Vittel,88800,88,2023-02-07,2023-02-01,Dépôt du projet de répartition,Avis de dépôt,A202300263207
802780627,MELITIS CLUB,Marseille 4e Arrondissement,13004,13,2023-03-31,2023-03-08,Dépôt de l'état des créances,Avis de dépôt,A202300641667
817862774,LE DIAMANT CLUB,La Roche-sur-Yon,85000,85,2023-07-07,2023-06-21,Jugement de clôture pour insuffisance d'actif,Jugement de clôture,A202301303646
397714759,SARL TEN CLUB,Mont-de-Lans,38860,83,2023-07-07,2023-06-27,Jugement de clôture pour insuffisance d'actif,Jugement de clôture,A202301303568
879402485,"SAS AGLAE BEACH CLUB, SAS ABC",Sainte Luce,97228,972,2023-07-04,2023-06-15,Jugement d'ouverture de liquidation judiciaire,Jugement d'ouverture,A202301271423
830806238,EHPAD FLORE,Saint-Agnan,89340,89,2023-06-04,2023-05-23,Jugement d'ouverture d'une procédure de redressement judiciaire,Jugement d'ouverture,A202301062157
328559448,SYNDICAT NATIONAL D’UNION DES PSYCHOMOTRICIENS,Ivry-sur-Seine,94200,94,2023-06-30,2023-05-22,Jugement de plan de redressement,Extrait de jugement,A202301252618
429802846,SARL UNION BOIS,Aussillon,81200,81,2023-06-27,2023-06-23,Jugement de clôture pour insuffisance d'actif,Jugement de clôture,A202301222982
842400442,BAT UNION,La Queue-en-Brie,94510,94,2023-06-16,2023-06-07,Jugement de clôture pour insuffisance d'actif,Jugement de clôture,A202301153573
442987061,MEN CLUB,Ollioules,83190,83,2023-03-17,2023-02-14,Dépôt du projet de répartition,Avis de dépôt,A202300542696
791129752,"BILLARD ACADEMIE CLUB 31, B.A.C. 31",Muret,31600,31,2023-06-02,2023-05-30,Jugement de clôture pour insuffisance d'actif,Jugement de clôture,A202301051331
327620597,COMITE DE QUARTIER DU CUL DU FOUR,Roubaix,59100,59,2023-05-26,2023-05-05,Jugement de clôture pour insuffisance d'actif,Jugement de clôture,A202301012681
902617158,LA MAISON DES DELICES,Brazey-en-Plaine,21470,21,2023-02-14,2023-02-06,Liste des créances nées après le jugement d'ouverture d'une procédure de liquidation judiciaire,Avis de dépôt,A202300312647
522887405,BEF FONDATION,Sevran,93270,93,2023-05-19,2023-05-09,Jugement de clôture pour insuffisance d'actif,Jugement de clôture,A202300962717
908629884,AK club Fitness,Aix-en-Provence,13290,13,2023-05-14,2023-05-05,Jugement de clôture pour insuffisance d'actif,Jugement de clôture,A202300931540
878624642,MAHO CLUB,La Fare-les-Oliviers,13580,13,2023-03-14,2023-03-09,Jugement d'ouverture d'une procédure de redressement judiciaire,Jugement d'ouverture,A202300512679
813760360,SAS CENTRAL CLUB,Dax,40100,40,2023-04-30,2023-04-12,Jugement de clôture pour insuffisance d'actif,Jugement de clôture,A202300852072
812189272,SARL VEGAN UNION,Strasbourg,67000,67,2023-04-30,2023-04-03,Autre jugement prononçant,Jugement prononçant,A202300852225
424535862,COMITE DEPARTEMENTAL HANDISPORT DU VAR,Toulon,83000,83,2023-04-28,2023-04-06,Jugement de clôture pour insuffisance d'actif,Jugement de clôture,A202300842566
397629304,SYNDICAT DE COPROPRIETE LES BOUTIQUES SAINT NICOLAS,Epinal,88000,88,2023-04-18,2022-08-17,Autre jugement et ordonnance,Extrait de jugement,A202300763020
838257541,"MAISON D'ACCUEIL DES PLANTIERS, M.A.P.",Corbès,30140,30,2023-04-21,2023-04-05,Jugement de clôture pour insuffisance d'actif,Jugement de clôture,A202300791986
848695524,VICE CITY CLUB,L'Île-Saint-Denis,93450,93,2023-04-11,2023-03-31,Jugement de clôture pour insuffisance d'actif,Jugement de clôture,A202300714172
315631085,UNION D'ASSURANCES DE CREDITS ET DE VOYAGE CONTENTIEUX RECOUVREMENT DE CREANCE UACV ANTOINE DUCRAY,Paris,75016,75,2023-04-09,2023-03-23,Jugement de clôture pour insuffisance d'actif,Jugement de clôture,A202300702435
325331122,"FEDERATION DEPARTEMENTALE DES SYNDICATS DES EXPLOITANTS AGRICOLES DE LA MARTINIQUE, FDSEA",Le Lamentin,97232,972,2023-04-04,2023-02-28,Autre jugement et ordonnance,Extrait de jugement,A202300663288
432033199,COMITE D’ETABLISSEMENT SIEGE SNCF MOBILITES,Saint-Denis,93200,93,2023-04-02,2023-03-14,Dépôt de l'état des créances,Avis de dépôt,A202300652487
887718179,TRALALA CLUB,Lille,59800,59,2023-03-28,2023-03-17,Jugement de clôture pour insuffisance d'actif,Jugement de clôture,A202300612747
841818107,LE POKÉ CLUB,Nogent-sur-Marne,94130,94,2023-03-24,2023-03-15,Jugement de clôture pour insuffisance d'actif,Jugement de clôture,A202300592704
485175186,"NORTLANDER CLUB HOTELS, NCH",Montbonnot-Saint-Martin,38330,73,2023-03-22,2023-03-10,Jugement de clôture pour insuffisance d'actif,Jugement de clôture,A202300572861
849399183,CLUB DEVIGO,Marconnelle,62140,62,2023-03-21,2023-03-15,Jugement de clôture pour insuffisance d'actif,Jugement de clôture,A202300563038
843978156,"LA MAISON DES DELICES, LMDD",Couvains,50680,50,2023-01-10,2023-01-06,Liste des créances nées après le jugement d'ouverture d'une procédure de liquidation judiciaire,Avis de dépôt,A202300062031
881331730,LA CHAINE D'UNION,Grandparigny,50600,50,2023-03-10,2023-03-07,Jugement de clôture pour insuffisance d'actif,Jugement de clôture,A202300492874
383592474,SYNDICAT DES COPROPRIETAIRES - IMMEUBLE CONCORDE 1,Perpignan,66000,66,2023-03-03,2023-02-09,Autre jugement et ordonnance,Extrait de jugement,A202300442363
802265397,CLUB MIOT,Saint-Pierre-du-Perray,91280,91,2023-03-01,2023-02-20,Jugement de clôture pour insuffisance d'actif,Jugement de clôture,A202300423714
793814708,LA CHAINE D’UNION,Pierrefitte-sur-Seine,93380,93,2023-02-28,2023-02-16,Jugement de clôture pour insuffisance d'actif,Jugement de clôture,A202300412717
518219480,LE CLUB,Villeneuve-sur-Lot,47300,47,2023-02-24,2023-02-22,Jugement de clôture pour insuffisance d'actif,Jugement de clôture,A202300392018
808633739,"MAISON DES GRANDS VINS DU MONDE, MGVM",Nice,06300,06,2023-02-16,2023-02-07,Jugement de clôture pour insuffisance d'actif,Jugement de clôture,A202300331997
885020453,CLUB QUAI 55,Bar-le-Duc,55000,55,2023-02-10,2023-02-03,Jugement de clôture pour insuffisance d'actif,Jugement de clôture,A202300291889
752317396,GAZELEC FOOTBALL CLUB AJACCIO - GFCA FOOTBALL,Mezzavia,20167,2A,2023-01-02,2022-12-19,Jugement d'ouverture d'une procédure de redressement judiciaire,Jugement d'ouverture,A202300012883
783707532,UNION FRANCAISE DE LA JEUNESSE,Lille,59000,59,2023-02-01,2023-01-03,Dépôt de l'état des créances,Avis de dépôt,A202300221591
884483611,CULTURE CLUB,Neuilly-sur-Seine,92200,92,2023-01-31,2023-01-19,Jugement de clôture pour insuffisance d'actif,Jugement de clôture,A202300212655
328800511,"SARL PILOTE CONSTRUCTION, S.C.I. LE CARILLON, SOCIETE CIVILE IMMOBILIERE LE COMMODORE, S.C.I. LE SELECT, S.C.I. LE NEPTUNE, SOCIETE CIVILE IMMOBILIERE LE POINT D'ORGUE, S.C.I. SPORTS LOISIRS NEPTUNE, S.C.I. BILLARD - CLUB",Gap,05000,05,2023-01-27,2023-01-19,Jugement de clôture pour insuffisance d'actif,Jugement de clôture,A202300191452
529906901,FEDERATION AVIE ENVIRONNEMENT TRI RECYCLAGE,Marseille,13009,13,2023-01-26,2023-01-17,Jugement de clôture pour insuffisance d'actif,Jugement de clôture,A202300181461
824327100,VTC CLUB,Cormeilles-en-Parisis,95240,95,2023-01-24,2023-01-13,Jugement de clôture pour insuffisance d'actif,Jugement de clôture,A202300162501
393102215,"LE NEMO, L'OMNIA CLUB-LE BONAPARTE",Amiens,80000,80,2023-01-20,2023-01-13,Jugement de clôture pour insuffisance d'actif,Jugement de clôture,A202300142112
848388740,"RF-M Renfort Fondation Maçonnerie, RF-M",Salindres,30340,30,2023-01-20,2023-01-11,Jugement de clôture pour insuffisance d'actif,Jugement de clôture,A202300141618
394143101,UNION FONCIERE IMMOBILIERE,Solliès-Pont,83210,83,2023-01-13,2023-01-05,Jugement de clôture pour insuffisance d'actif,Jugement de clôture,A202300091843
530097930,UNION FACADE,Istres,13800,13,2023-01-10,2023-01-05,Jugement de clôture pour insuffisance d'actif,Jugement de clôture,A202300062013
810679803,COMITE D’ORGANISATION DES CHAMPIONNATS DU MONDE DE LUTTE 2017,Maisons-Alfort,94700,94,2023-01-05,2022-12-13,Jugement de clôture pour insuffisance d'actif,Jugement de clôture,A202300031592
