url,title,siren,canonical_name,nature_juridique,commune,confidence,reason,thematic,nb_candidates
https://www.ccomptes.fr/fr/publications/association-residence-saint-nicolas-lozere,Association résidence Saint-Nicolas (Lozère),320825490,ASSOCIATION DE LA RESIDENCE SAINT NICOLAS,9220,48080,high,"Nom identique (Association de la Résidence Saint Nicolas), localisation en Lozère (48300), APE 87.20A cohérent avec un établissement pour personnes âgées, création antérieure au rapport.",false,1
https://www.ccomptes.fr/fr/publications/association-soins-et-sante-metropole-de-lyon,Association Soins et Santé (Métropole de Lyon),302095617,SOINS ET SANTE,9220,69286,high,"Nom exact 'SOINS ET SANTE', localisation Lyon (69286), APE 86.10Z (activités médicales) approprié pour une association de santé.",false,5
https://www.ccomptes.fr/fr/publications/association-des-festivites-pour-saint-gilles-gard,Association des festivités pour Saint-Gilles (Gard),409905270,ASSOCIATION DES FESTIVITES DE ST GILLES,9220,30258,high,"Nom quasi-identique (ASSOCIATION DES FESTIVITES DE ST GILLES), localisation correcte (30800 Saint-Gilles, Gard), code APE 94.99Z cohérent avec une association d'activités récréatives et festives.",false,1
https://www.ccomptes.fr/fr/publications/association-devup-loiret,Association Dev'up (Loiret),405047572,DEV'UP CENTRE-VAL DE LOIRE (ARITT),9220,45234,high,"Le nom 'DEV'UP CENTRE-VAL DE LOIRE' contient explicitement 'DEV'UP', correspond au Loiret (45), et l'APE 94.99Z est cohérent avec une association d'activités de conseil et de développement économique.",false,2
https://www.ccomptes.fr/fr/publications/association-la-case-des-artistes-nouvelle-caledonie,"Association ""La case des artistes"" (Nouvelle-Calédonie)",521475434,TI CASE D'ARTISTES,9220,97412,high,"Nom correspond (Ti case d'artistes/La case des artistes), localisé en Nouvelle-Calédonie (97480), APE 94.99Z cohérent avec activités artistiques/culturelles",false,1
https://www.ccomptes.fr/fr/publications/association-caledonienne-des-handicapes-nouvelle-caledonie,Association calédonienne des handicapés (Nouvelle-Calédonie),940636533,ASSOCIATION CALEDONIENNE DES  HANDICAPES (A.C.H),9220,98818,high,"Nom exact avec sigle A.C.H correspondant, localisation en Nouvelle-Calédonie (98800), APE 94.99Z cohérent avec activités associatives pour personnes handicapées, date de création compatible (1987).",false,1
https://www.ccomptes.fr/fr/publications/association-bretagne-developpement-innovation-bdi-rennes-ille-et-vilaine,Association Bretagne Développement Innovation (BDI) à Rennes (Ille-et-Vilaine),,,,,high,"Le candidat ID2SANTE porte un nom différent (Innovation et Développement de la Santé en Bretagne vs Bretagne Développement Innovation), même s'il est localisé à Rennes en Ille-et-Vilaine et opère dans un domaine proche (santé vs innovation générale).",false,1
https://www.ccomptes.fr/fr/publications/association-archipel-aide-et-soins-domicile-brest-finistere,Association Archipel aide et soins à domicile - Brest (Finistère),777510603,ARCHIPEL AIDE ET SOINS A DOMICILE,9220,29019,high,"Correspondance exacte du nom, localisation à Brest (29200), code APE 88.10A cohérent avec aide et soins à domicile.",false,1
https://www.ccomptes.fr/fr/publications/association-cesson-rennes-metropole-handball-crmhb-cesson-sevigne-ille-et-vilaine,Association Cesson Rennes Métropole Handball (CRMHB) - Cesson-Sévigné (Ille-et-Vilaine),424340214,CESSON RENNES METROPOLE HANDBALL (OCCHB),9220,35051,high,"Le SIREN 424340214 correspond exactement au nom CESSON RENNES METROPOLE HANDBALL, localisé à Cesson-Sévigné (35510), avec code APE 93.12Z (activités sportives) approprié pour un club de handball.",false,1
https://www.ccomptes.fr/fr/publications/association-des-iles-du-ponant-aip-morbihan,Association des îles du Ponant (AIP) (Morbihan),304605256,LES ILES DU PONANT,9220,56167,high,"Nom exact 'LES ILES DU PONANT' correspond à 'Association des îles du Ponant (AIP)', localisation en Morbihan (56), code APE 94.99Z approprié pour une association",false,5
https://www.ccomptes.fr/fr/publications/association-vivre-brest-finistere,"Association ""Vivre à Brest"" (Finistère)",427800792,ASS  VIVRE A BREST,9220,29019,high,"Correspondance exacte du nom « ASS VIVRE A BREST », localisation à Brest (29200), code APE 94.99Z cohérent avec une association, création 1990.",false,5
https://www.ccomptes.fr/fr/publications/association-quai-des-bulles-saint-malo-ille-et-vilaine,Association Quai des Bulles - Saint-Malo (Ille-et-Vilaine),397962978,ASS QUAI DES BULLES,9220,35288,high,"Correspondance exacte du nom (ASS QUAI DES BULLES), localisation Saint-Malo (35400), Ille-et-Vilaine (35288), et APE 94.99Z (activités associatives) cohérent avec une association culturelle.",false,1
https://www.ccomptes.fr/fr/publications/association-lorient-grand-large-lorient-morbihan,"Association Lorient Grand Large, à Lorient (Morbihan)",523091668,LORIENT GRAND LARGE,9220,56121,high,"Nom exact correspondant, même localisation (Lorient, Morbihan), code APE 94.99Z cohérent avec une association de loi 1901",false,2
https://www.ccomptes.fr/fr/publications/association-le-fourneau-brest-finistere,Association Le Fourneau à Brest (Finistère),378165294,LE FOURNEAU,9220,29019,high,"Nom exact 'LE FOURNEAU', localisation Brest (29019 29200), code APE 90.01Z (activités des organisations associatives) cohérent, création 2003 plausible pour une association.",false,2
https://www.ccomptes.fr/fr/publications/association-lou-rugby-metropole-de-lyon,Association LOU Rugby (Métropole de Lyon),433259058,LYON OLYMPIQUE UNIVERSITAIRE LOU RUGBY (LOU RUGBY),9220,69387,high,"Nom exact 'LOU RUGBY' avec sigle correspondant, localisé à Lyon (69007), APE 93.12Z (activités sportives), et c'est l'association principale de rugby de la Métropole de Lyon.",false,3
https://www.ccomptes.fr/fr/publications/association-sarthe-tourisme,Association Sarthe tourisme,786337287,COMITE TOURISME DE LA SARTHE,9220,72181,high,"Le SIREN 786337287 'COMITE TOURISME DE LA SARTHE' correspond au titre 'Association Sarthe tourisme' par son nom générique couvrant le tourisme en Sarthe, sa localisation en Sarthe (72000 Le Mans), et son APE 94.99Z cohérent avec les activités d'associations.",false,5
https://www.ccomptes.fr/fr/publications/association-creha-ouest-loire-atlantique,Association Creha Ouest (Loire-Atlantique),327822177,CREHA OUEST,9220,44162,high,"Correspondance exacte du nom CREHA OUEST, localisation en Loire-Atlantique (44800), APE 71.12B cohérent avec une association, création 1988 confirmée.",false,1
https://www.ccomptes.fr/fr/publications/associations-gestionnaires-du-secteur-du-handicap-renforcer-la-gouvernance-et,Associations gestionnaires du secteur du handicap : renforcer la gouvernance et sécuriser la gestion pour mieux répondre aux besoins,,,,,,rapport thématique,true,0
https://www.ccomptes.fr/fr/publications/association-theatre-71-scene-nationale-malakoff-hauts-de-seine,"Association « Théâtre 71 », scène nationale à Malakoff (Hauts-de-Seine)",681086740,THEATRE 71,9220,92046,high,"Nom exact 'THEATRE 71', localisation Malakoff (92240), code APE 90.04Z cohérent avec une scène nationale.",false,2
https://www.ccomptes.fr/fr/publications/association-les-gemeaux-scene-nationale-de-sceaux-hauts-de-seine,"Association Les Gémeaux, scène nationale de Sceaux (Hauts-de-Seine)",785450016,LES GEMEAUX (SCENE NATIONALE),9220,92071,high,"Nom exact 'LES GEMEAUX (SCENE NATIONALE)', localisation Sceaux (92330), code APE 90.04Z cohérent avec une scène nationale de spectacles vivants.",false,5
https://www.ccomptes.fr/fr/publications/association-des-amis-et-parents-de-personnes-handicapees-mentales-adapei-de-la-loire,Association des amis et parents de personnes handicapées mentales (Adapei) de la Loire,,,,,high,"Aucun candidat n'est localisé dans la Loire (département 42). Les candidats correspondent à d'autres départements (Vienne, Nièvre, Réunion, Savoie, Eure).",false,5
https://www.ccomptes.fr/fr/publications/association-de-gestion-du-theatre-du-cratere-dales-agc-gard,Association de gestion du théâtre du cratère d'Alès (AGC) (Gard),381570035,ASSOC GESTION CRATERE THEATRE D'ALES,9220,30007,high,"Correspondance directe du nom (ASSOC GESTION CRATERE THEATRE D'ALES), localisation Gard (30100), code APE 90.01Z (activités de spectacles vivants) cohérent avec la gestion d'un théâtre.",false,1
https://www.ccomptes.fr/fr/publications/association-du-theatre-de-saint-quentin-en-yvelines,Association du théâtre de Saint-Quentin-en-Yvelines,410464887,LE THEATRE D'ISIS,9220,78418,high,"Le candidat 3 est situé dans le département des Yvelines (78418 = Saint-Quentin-en-Yvelines), avec un code APE 90.01Z cohérent pour une association théâtrale, et a une date de création compatible avec un rapport d'audit.",false,5
https://www.ccomptes.fr/fr/publications/association-maison-des-arts-et-de-la-culture-mac-de-creteil-et-du-val-de-marne,Association maison des arts et de la culture (MAC) de Créteil et du Val-de-Marne,,,,,high,"Le candidat ACCS est une association de capoeira basée dans la Marne (51), totalement différente de la Maison des Arts et Culture de Créteil (94) décrite dans le rapport.",false,1
https://www.ccomptes.fr/fr/publications/association-points-communs-scene-nationale-de-cergy-pontoise-val-doise,"Association Points communs, scène nationale de Cergy-Pontoise (Val-d’Oise)",,,,,high,"Aucun candidat ne correspond : le rapport concerne une scène nationale à Cergy-Pontoise (Val-d'Oise, 95), mais aucun candidat n'est localisé en Val-d'Oise; les candidats trouvés sont en Hautes-Alpes, Paris, Hérault, Isère et Rhône.",false,5
https://www.ccomptes.fr/fr/publications/fondation-normandie-generations-orne,Fondation Normandie Générations (Orne),780956652,FONDATION NORMANDIE GENERATIONS,9300,61169,high,"Correspondance exacte du nom, localisation en Orne (61), APE 88.99B cohérent avec une fondation",false,1
https://www.ccomptes.fr/fr/publications/association-de-sauvegarde-de-lenfant-ladulte-de-lain-adsea-01,Association de sauvegarde de l'enfant à l'adulte de l'Ain (ADSEA 01),,,,,high,"Le candidat (1) est une association sportive créée en 2019, alors que l'ADSEA 01 est une association de protection de l'enfance avec une histoire bien établie. Le nom, l'activité (93.12Z = activités de centres de loisirs) et les dates ne correspondent pas.",false,1
https://www.ccomptes.fr/fr/publications/association-formation-et-ingenierie-afi-ain,Association formation et ingénierie (AFI) (Ain),751070400,ASSOCIATION FORMATION INGENIERIE (A.F.I.),9220,01289,high,"Correspondance complète : nom exact (Association Formation Ingénierie / AFI), département Ain (01), code APE 94.99Z cohérent avec activités de formation et conseil.",false,1
https://www.ccomptes.fr/fr/publications/association-adapei-loire-atlantique-loire-atlantique,Association Adapei Loire-Atlantique (Loire-Atlantique),775605405,ADAPEILA,9220,44109,high,"ADAPEILA est le sigle de l'Adapei Loire-Atlantique, localisée en Loire-Atlantique (44), avec un APE 87.20A cohérent (action sociale sans hébergement).",false,1
https://www.ccomptes.fr/fr/publications/association-pour-la-formation-et-le-developpement-maritime-et-aquacole-mayotte,Association pour la formation et le développement maritime et aquacole à Mayotte,,,,,low,aucun candidat trouvé dans SIRENE,false,0
https://www.ccomptes.fr/fr/publications/association-adapei-aria-de-vendee,Association Adapei-Aria de Vendée,775715105,ADAPEI ARIA DE VENDEE,9220,85155,high,"Correspondance exacte du nom (ADAPEI ARIA DE VENDEE), localisation en Vendée (85), APE 87.20A cohérent avec activités d'aide sociale pour handicapés.",false,3
https://www.ccomptes.fr/fr/publications/association-adapei-aria-de-vendee-les-actions-en-matiere-dinsertion-professionnelle,Association Adapei-Aria de Vendée - Les actions en matière d’insertion professionnelle,775715105,ADAPEI ARIA DE VENDEE,9220,85155,high,"Exact match du nom ADAPEI ARIA DE VENDEE, localisé en Vendée (85), APE 87.20A (accompagnement des personnes handicapées) cohérent avec insertion professionnelle.",false,3
https://www.ccomptes.fr/fr/publications/association-de-lecomusee-dalsace-haut-rhin-0,Association de l'Écomusée d'Alsace (Haut-Rhin),,,,,low,aucun candidat trouvé dans SIRENE,false,0
https://www.ccomptes.fr/fr/publications/association-autisme-en-ile-de-france-paris-seine-et-marne-val-de-marne-yvelines,"Association Autisme en Île-de-France (Paris, Seine-et-Marne, Val-de-Marne, Yvelines)",538465808,AUTISME EN ILE DE FRANCE (AUTISME EN ILE DE FRANCE SIEGE) (AEIDF),9220,75115,high,"Nom exact correspondant (AUTISME EN ILE DE FRANCE / AEIDF), siège à Paris (75015), APE 88.99B cohérent avec activités d'associations, couverture géographique Île-de-France",false,5
https://www.ccomptes.fr/fr/publications/association-union-sportive-montalbanaise-usm-rugby-societe-anonyme-sportive,Association Union sportive montalbanaise (USM) - Rugby société anonyme sportive professionnelle Union sportive montalbanaise (USM) (Tarn-et-Garonne),777305178,UNION SPORTIVE MONTALBANAISE,9220,82121,high,"Correspond au nom exact « Union sportive montalbanaise », localisé à Montauban (82000), avec code APE 93.12Z (activités de clubs de sports) cohérent avec un club de rugby professionnel.",false,5
https://www.ccomptes.fr/fr/publications/association-blagnac-football-club-haute-garonne,Association Blagnac Football Club (Haute-Garonne),423113638,BLAGNAC FOOTBALL CLUB (BFC),9220,31069,high,"Correspondance exacte du nom (Blagnac Football Club / BFC), localisation correcte (Haute-Garonne, 31700), APE 93.19Z cohérent avec une association sportive.",false,2
https://www.ccomptes.fr/fr/publications/association-passado-14-maison-des-adolescents-du-calvados,"Association ""Passado 14"" - Maison des adolescents du Calvados",492560933,PASSADO 14,9220,14118,high,"Nom exact 'PASSADO 14', localisation Calvados (14000), APE 87.90A (actions sociales) cohérent avec une maison des adolescents, création 2006 confirmée.",false,1
https://www.ccomptes.fr/fr/publications/association-la-frontera-production-pyrenees-orientales,Association La Frontera Production (Pyrénées-Orientales),488625468,ASSOC LA FRONTERA PRODUCTION (ASSOC),9220,66172,high,"Nom exact correspondant (La Frontera Production), localisation en Pyrénées-Orientales (66), code APE 90.01Z (création artistique) cohérent avec une association de production.",false,1
https://www.ccomptes.fr/fr/publications/association-sportive-de-saint-etienne-loire,Association  sportive de Saint-Étienne (Loire),,,,,high,"Le rapport porte sur 'Association sportive de Saint-Étienne' sans spécialité particulière, mais tous les candidats sont des associations sportives spécialisées (golf, sourds, mines, billard) ou avec une localisation légèrement différente; aucun ne correspond à une association généraliste portant ce nom générique.",false,5
https://www.ccomptes.fr/fr/publications/association-sportive-villeurbannaise-est-lyonnais-asvel-basket-metropole-de-lyon,Association Sportive Villeurbannaise Est Lyonnais (Asvel) Basket (Métropole de Lyon),328099304,ASS SPORTIVE VILLEURBANNE,9220,69266,high,ASS SPORTIVE VILLEURBANNE à Villeurbanne (69100) correspond au nom ASVEL (Villeurbannaise) et à la localisation mentionnée dans le titre du rapport.,false,5
https://www.ccomptes.fr/fr/publications/association-arts-vivants-11-aude,Association Arts Vivants 11 (Aude),342007069,ARTS VIVANTS 11 (ADDMD 11),9220,11069,high,"Nom exact 'Arts Vivants 11', localisation Aude (11000), APE 94.99Z (autres activités associatives) cohérent avec une association culturelle.",false,1
https://www.ccomptes.fr/fr/publications/association-maison-departementale-des-adolescents-du-gard,Association Maison départementale des adolescents du Gard,,,,,high,"Aucun candidat ne correspond : le rapport cherche une association pour adolescents du Gard, mais les candidats sont soit localisés en Vaucluse/Lozère, soit ont des activités sans lien (divertissement, santé, retraite, loisirs vélo) et ne ciblent pas les adolescents.",false,5
https://www.ccomptes.fr/fr/publications/association-ado-66-maison-des-adolescents-66-pyrenees-orientales,Association ADO 66 - Maison des adolescents 66 (Pyrénées-Orientales),537869695,ASSOCIATION ADO SOIXANTE SIX (ADO 66),9220,66136,high,"Nom exact (ADO 66), sigle identique, code APE 88.99A cohérent avec les activités sociales pour enfants/adolescents, localisation en Pyrénées-Orientales (66).",false,1
https://www.ccomptes.fr/fr/publications/fondation-assistance-aux-animaux-0,Fondation Assistance aux Animaux,311642342,FONDATION ASSISTANCE AUX ANIMAUX,9300,75111,high,"Correspondance exacte du nom complet 'FONDATION ASSISTANCE AUX ANIMAUX', statut fondation confirmé, APE 94.99Z (activités associatives), siège à Paris 75011.",false,5
https://www.ccomptes.fr/fr/publications/association-mission-locale-de-la-lozere-maison-des-adolescents-48-lozere,Association mission locale de la Lozère - Maison des adolescents 48 (Lozère),389875964,MISSION LOCALE LOZERE,9220,48095,high,"Nom exact 'MISSION LOCALE LOZERE', localisation en Lozère (48), APE 88.99B (accompagnement social) cohérent avec une mission locale",false,1
https://www.ccomptes.fr/fr/publications/association-departementale-des-pupilles-de-lenseignement-public-de-laude-maison-des,Association départementale des pupilles de l’enseignement public de l’Aude - Maison des adolescents 11 (Aude),775555675,ASSOCIATION DEPARTEMENTALE DES PUPILLES DE L'ENSEIGNEMENT PUBLIC DE L'AUDE (LES PEP 11),9220,11069,high,"Correspondance exacte du nom (Les PEP 11), localisation Aude (11069 11000), APE 88.99B cohérent avec activités sociales et d'aide à l'enfance/adolescence",false,1
https://www.ccomptes.fr/fr/publications/association-maison-des-adolescents-de-laveyron,Association maison des adolescents de l'Aveyron,882525413,MAISON DES ADOLESCENTS DE L'AVEYRON (MDA 12),9220,12202,high,"Correspondance exacte du nom « Maison des adolescents de l'Aveyron », sigle MDA 12, localisé en Aveyron (12202), avec APE 88.99A cohérent avec activités d'action sociale sans hébergement.",false,5
https://www.ccomptes.fr/fr/publications/association-de-laquifere-des-calcaires-de-champigny-en-brie-aqui-brie-seine-et-marne,"Association de l'aquifère des calcaires de Champigny-en-Brie ""AQUI' Brie"" (Seine-et-Marne)",,,,,low,aucun candidat trouvé dans SIRENE,false,0
https://www.ccomptes.fr/fr/publications/association-departementale-damis-et-parents-de-personnes-handicapees-mentales-adapei,Association départementale d'amis et parents de personnes handicapées mentales (Adapei) (La Réunion),,,,,low,aucun candidat trouvé dans SIRENE,false,0
https://www.ccomptes.fr/fr/publications/association-montpellier-herault-rugby-herault,Association Montpellier Hérault Rugby (Hérault),345362933,MONTPELLIER HERAULT RUGBY (MHR),9220,34172,high,"Correspondance exacte du nom (MONTPELLIER HERAULT RUGBY), du sigle (MHR), de la localisation (Montpellier, Hérault) et de l'APE 93.12Z (activités de clubs de sports)",false,5
https://www.ccomptes.fr/fr/publications/association-mlezi-maore-mayotte,Association Mlezi Maore (Mayotte),518926472,ASSOCIATION MLEZI MAORE,9220,97611,high,"Correspondance exacte du nom, localisation à Mayotte (97611 97600), code APE 88.99B cohérent avec une association d'action sociale, créée en 2003.",false,2
https://www.ccomptes.fr/fr/publications/association-monnaie-locale-citoyenne-la-gonette-metropole-de-lyon,Association Monnaie locale citoyenne - La Gonette (Métropole de Lyon),804471795,MONNAIE LOCALE CITOYENNE - LA GONETTE (MLC LA GONETTE),9220,69381,high,"Correspondance exacte du nom (sigle MLC LA GONETTE), localisation Lyon (69001), APE 94.99Z cohérent avec une association de monnaie locale, et date de création 2020 compatible.",false,1
https://www.ccomptes.fr/fr/publications/association-laval-mayenne-technopole-mayenne,Association Laval Mayenne Technopole (Mayenne),413812264,LAVAL MAYENNE TECHNOPOLE,9220,53130,high,"Nom exact correspondant (LAVAL MAYENNE TECHNOPOLE), localisation Mayenne (53000 Laval), APE 94.99Z cohérent pour une association de promotion économique/technopole, créée en 1998.",false,5
https://www.ccomptes.fr/fr/publications/association-community-pas-de-calais,Association Community (Pas-de-Calais),383554649,ASSOCIATION COMMUNITY,9220,62040,high,"Nom exact 'ASSOCIATION COMMUNITY', localisé en Pas-de-Calais (62), APE 94.99Z cohérent avec une association loi 1901",false,4
https://www.ccomptes.fr/fr/publications/association-de-parents-de-personnes-en-situation-de-handicap-mental-et-de-leurs-amis,Association de parents de personnes en situation de handicap mental et de leurs amis (APEI) de la région dieppoise (Seine-Maritime),,,,,high,"Le candidat (1) est basé à Gournay-en-Bray (76220), pas dans la région dieppoise. De plus, il s'agit d'une association distincte créée récemment (2022), ne correspondant pas à l'APEI de la région dieppoise mentionnée dans le rapport.",false,1
https://www.ccomptes.fr/fr/publications/association-leo-lagrange-ouest-loire-atlantique,Association Léo Lagrange Ouest (Loire-Atlantique),410683254,LEO LAGRANGE OUEST,9220,44184,high,"Correspondance exacte du nom « LEO LAGRANGE OUEST », localisation en Loire-Atlantique (44600), APE 93.29Z cohérent avec une association d'activités sociales, et date de création plausible.",false,1
https://www.ccomptes.fr/fr/publications/association-agence-dattractivite-du-calvados,Association Agence d'attractivité du Calvados,,,,,high,"Aucun candidat ne correspond : le rapport concerne l'Agence d'attractivité du Calvados (structure d'attractivité territoriale), absent de cette liste où dominent des agences de services, production ou animation sans lien avec l'attractivité régionale.",false,5
https://www.ccomptes.fr/fr/publications/association-matisse-pas-de-calais,Association Matisse (Pas-de-Calais),512940370,ASSOCIATION MATISSE (ASS),9220,62193,high,"Nom exact 'ASSOCIATION MATISSE', localisation Pas-de-Calais (62193 62100), APE 94.99Z cohérent avec une association",false,5
https://www.ccomptes.fr/fr/publications/association-laval-virtual-mayenne,Association Laval Virtual (Mayenne),424319929,VIRTUAL LAVAL,9220,53054,high,"VIRTUAL LAVAL correspond à Laval Virtual, localisé en Mayenne (53), avec APE 94.99Z (autres activités spécialisées, scientifiques et techniques n.c.a.) cohérent avec un événement/association de réalité virtuelle.",false,1
https://www.ccomptes.fr/fr/publications/association-centre-danimation-culturelle-de-compiegne-et-du-valois-caccv-espace-jean,"Association ""Centre d'animation culturelle de Compiègne et du Valois (CACCV) espace Jean Legendre"" (Oise)",303626360,CTRE ANIMATION CULTUREL COMPIEGNE VALOIS (CACCV),9220,60159,high,"Correspondance parfaite du sigle CACCV, du nom complet, de la localisation en Oise (60159=Compiègne, 60200=Compiègne), et de l'APE 90.04Z (activités de clubs de loisirs) cohérent avec un centre d'animation culturelle.",false,1
https://www.ccomptes.fr/fr/publications/association-accoord-loire-atlantique-0,Association Accoord (Loire-Atlantique),333352524,ACCOORD (ACCOORD),9220,44109,high,"Nom exact ACCOORD, localisation Loire-Atlantique (44000 Nantes), APE 93.29Z (activités sportives) cohérent avec une association, création 2005 plausible pour un audit.",false,3
https://www.ccomptes.fr/fr/publications/association-loisirs-education-citoyennete-grand-sud-lecgs-haute-garonne,"Association Loisirs, éducation & citoyenneté Grand Sud (LECGS) (Haute-Garonne)",880088893,LOISIRS ADAPTES,9220,31429,high,"Localisation en Haute-Garonne (31429 = Toulouse), activité de loisirs et éducation (APE 94.99Z), nom cohérent avec LECGS axé sur loisirs et citoyenneté",false,5
https://www.ccomptes.fr/fr/publications/association-pole-de-competitivite-filiere-equine-calvados,Association Pôle de compétitivité filière équine (Calvados),422808949,POLE DE COMPETITIVITE FILIERE EQUINE,9220,14308,high,"Correspondance exacte du nom, localisation en Calvados (14), code APE 94.99Z cohérent avec une association de compétitivité",false,1
https://www.ccomptes.fr/fr/publications/association-parentale-dorganisation-et-de-gestion-detablissements-pour-personnes,Association parentale d’organisation et de gestion d’établissements pour personnes handicapées mentales (Apogei 94) - Val-de-Marne,,,,,low,aucun candidat trouvé dans SIRENE,false,0
https://www.ccomptes.fr/fr/publications/association-culture-commune-pas-de-calais-0,"Association ""Culture commune"" (Pas-de-Calais)",379181357,CULTURE COMMUNE,9220,62528,high,"Nom exact « CULTURE COMMUNE », localisation Pas-de-Calais (62), APE 90.01Z cohérent avec activités culturelles, créée en 1998",false,4
https://www.ccomptes.fr/fr/publications/association-conseil-des-chevaux-de-normandie-calvados,Association Conseil des chevaux de Normandie (Calvados),524906658,CONSEIL DES CHEVAUX DE NORMANDIE,9220,14308,high,"Correspondance exacte du nom, localisation dans le Calvados (14), code APE 94.99Z cohérent avec une activité d'association professionnelle équine",false,2
https://www.ccomptes.fr/fr/publications/association-des-centres-danimation-de-bordeaux-gironde,Association des centres d'animation de Bordeaux (Gironde),,,,,high,"Aucun candidat ne correspond : le rapport cherche l'Association des centres d'animation de Bordeaux (Gironde) mais aucun candidat ne porte ce nom, n'est localisé en Gironde (33), ou n'a une activité d'animation correspondante.",false,5
https://www.ccomptes.fr/fr/publications/association-centre-europeen-des-textiles-innovants-ceti-nord,"Association ""Centre européen des textiles innovants"" (CETI) (Nord)",507487130,ASSOCIATION CETI (CENTRE EUROPEEN DES TEXTILES INNOVANTS,9220,59599,high,"Correspondance exacte du nom (CETI - Centre Européen des Textiles Innovants), localisation dans le Nord (59), code APE 94.99Z approprié pour une association de ce type, création cohérente.",false,1
https://www.ccomptes.fr/fr/publications/association-saint-marcel-karate-eure,Association Saint-Marcel Karaté (Eure),478952971,SAINT MARCEL KARATE (SMK),9220,27562,high,"Correspondance exacte du nom (Saint Marcel Karaté / SMK), localisation en Eure (27950), APE 93.12Z cohérent avec une activité de karaté",false,1
https://www.ccomptes.fr/fr/publications/association-festival-international-des-musiques-daujourdhui-de-strasbourg-musica-bas,Association festival international des musiques d'aujourd'hui de Strasbourg (Musica) (Bas-Rhin),,,,,high,"Aucun candidat ne porte le nom 'Musica' ou 'Festival international des musiques d'aujourd'hui'; les noms proposés (Festi'val, Festival Euroceltes, Festival Rhenan9260, Festival Summerlied, Western Festival) ne correspondent pas au rapport.",false,5
https://www.ccomptes.fr/fr/publications/association-passages-moselle,Association Passages (Moselle),518807854,PASSAGES,9260,57463,high,"Nom exact 'PASSAGES', localisation en Moselle (57000), APE 90.01Z (activités culturelles) cohérent avec une association, créée en 2009 correspondant au profil d'une association établie.",false,5
https://www.ccomptes.fr/fr/publications/association-les-petits-comediens-de-chiffons-ardennes,Association Les Petits comédiens de chiffons (Ardennes),780250726,PETITS COMEDIENS DE CHIFFONS,9220,08105,high,"Nom correspondant (Petits comédiens de chiffons), localisation en Ardennes (08), code APE 90.01Z cohérent avec activités artistiques, date de création plausible.",false,1
https://www.ccomptes.fr/fr/publications/association-nantes-saint-nazaire-developpement-loire-atlantique,Association Nantes Saint-Nazaire Développement (Loire-Atlantique),418167557,NANTES SAINT NAZAIRE DEVELOPPEMENT,9220,44109,high,"Nom exact correspondant, localisation en Loire-Atlantique (44109 44000 = Nantes), APE 84.13Z cohérent avec une association de développement économique/territorial.",false,1
https://www.ccomptes.fr/fr/publications/association-mulhouse-olympic-natation-mon-haut-rhin,Association Mulhouse Olympic Natation (MON) (Haut-Rhin),778921569,MULHOUSE OLYMPIC NATATION,9260,68224,high,"Correspondance exacte du nom (MULHOUSE OLYMPIC NATATION), localisation Haut-Rhin (68200), code APE 85.51Z (enseignement du sport) cohérent avec une association de natation.",false,1
https://www.ccomptes.fr/fr/publications/association-laval-economie-mayenne,Association Laval Économie (Mayenne),441768140,AGENCE DE DEVELOPPEMENT ECONOMIQUE DE L'AGGLOMERATION LAVALLOISE LAVAL ECONOMIE (LAVAL ECONOMIE),9220,53130,high,"Correspondance exacte du nom (LAVAL ECONOMIE), localisation Mayenne (53), APE approprié pour agence de développement économique, et raison sociale complète matching le rapport.",false,4
https://www.ccomptes.fr/fr/publications/association-bge-littoral-opale-pas-de-calais,"Association ""BGE Littoral Opale"" (Pas-de-Calais)",325908879,BGE LITTORAL OPALE,9220,62160,high,"Correspondance parfaite du nom BGE LITTORAL OPALE, localisation Pas-de-Calais (62), et code APE 70.22Z cohérent avec les activités de conseil en gestion d'entreprise.",false,1
https://www.ccomptes.fr/fr/publications/association-le-mans-football-club-sarthe,Association Le Mans Football Club (Sarthe),479588956,FOOTBALL CLUB SPORTIF DU MANS,9220,72181,high,"Le nom 'Football Club Sportif du Mans' correspond au 'Le Mans Football Club', même localisation (72000 Le Mans), APE cohérent (93.12Z), date de création antérieure au rapport.",false,5
https://www.ccomptes.fr/fr/publications/association-gestion-associative-de-laction-culturelle-du-personnel-de-la-region,Association « Gestion associative de l’action culturelle du personnel de la région Auvergne-Rhône-Alpes » (Gaaspar),815320668,GESTION ASSOCIATIVE DE L'ACTION SOCIOCULTURELLE DU PERSONNEL AUVERGNE-RHONE-ALPES (GAASPAR),9220,69382,high,"Correspondance confirmée : sigle GAASPAR identique, localisation Auvergne-Rhône-Alpes (69), APE 94.99Z cohérent avec activité culturelle/socioculturelle associative, léger décalage sémantique mineur (socioculturelle vs culturelle) mais clairement le même organisme.",false,1
https://www.ccomptes.fr/fr/publications/association-furies-marne,Association Furies (Marne),326093655,FURIES,9220,51108,high,"Nom exact 'FURIES', localisation Marne (51), APE 90.01Z (activités artistiques) approprié pour une association, créée en 2001",false,3
https://www.ccomptes.fr/fr/publications/association-jules-ledein-eure,Association Jules Ledein (Eure),780794251,ASSOCIATION JULES LEDEIN,9220,27112,high,"Nom exact « ASSOCIATION JULES LEDEIN », localisation en Eure (27112), code APE 87.20A cohérent avec une association, création antérieure au rapport.",false,2
https://www.ccomptes.fr/fr/publications/association-pour-le-logement-la-formation-et-lanimation-accueillir-associer,"Association pour le logement, la formation, et l'animation -accueillir, associer, accompagner (Alfa3A) (Ain)",,,,,high,"Aucun candidat ne correspond à Alfa3A : nom absent de la base, activités (logement, formation, animation) dispersées entre plusieurs structures sans correspondance directe au sigle Alfa3A.",false,5
https://www.ccomptes.fr/fr/publications/association-rahu-ora-agence-immobiliere-sociale-de-polynesie-francaise-aispf,Association Rahu Ora - Agence immobilière sociale de Polynésie française (AISPF),,,,,low,aucun candidat trouvé dans SIRENE,false,0
https://www.ccomptes.fr/fr/publications/association-de-soins-domicile-la-reunion-asdr,Association de soins à domicile à La Réunion (ASDR),378751127,ASSOC DE SOINS A DOMICILE A LA REUNION (ASDR),9220,97411,high,"Correspondance exacte du nom (ASDR), localisation à La Réunion (97490/97411), et code APE 86.10Z (activités de soins) cohérent avec soins à domicile.",false,2
https://www.ccomptes.fr/fr/publications/association-alterre-bourgogne-franche-comte,Association Alterre Bourgogne-Franche-Comté,393708870,ALTERRE BOURGOGNE FRANCHE COMTE,9220,21231,high,"Correspondance exacte du nom (ALTERRE BOURGOGNE FRANCHE COMTE), localisation en Bourgogne-Franche-Comté (21000 Dijon), code APE 94.99Z cohérent avec une association d'intérêt général.",false,1
https://www.ccomptes.fr/fr/publications/association-les-nuits-secretes-nord-0,"Association ""Les nuits secrètes"" (Nord)",511605628,LES NUITS SECRETES,9220,59033,high,"Correspondance exacte du nom, localisation dans le Nord (59620), APE 90.01Z (création artistique) cohérent avec une association culturelle",false,1
https://www.ccomptes.fr/fr/publications/association-revivre-laval-mayenne,Association Revivre à Laval (Mayenne),786255257,ASSOCIATION REVIVRE,9220,53130,high,"Nom exact 'Association Revivre', localisation Mayenne (53), APE 87.90B cohérent avec activités sociales/d'aide à la personne, correspondance totale avec le rapport.",false,1
https://www.ccomptes.fr/fr/publications/association-departementale-de-la-vienne-de-parents-de-personnes-handicapees-mentales,Association départementale de la Vienne de parents de personnes handicapées mentales et d'amis (ADAPEI 86) - (Vienne),422626598,ASSOCIATION DEPARTEMENTALE DE LA VIENNE DE PARENTS DE PERSONNES HANDICAPEES MENTALES ET D AMIS (ADAPEI 86),9220,86214,high,"Correspondance exacte du nom, sigle ADAPEI 86, localisation Vienne (86280), code APE 70.10Z (activités des organisations associatives) approprié.",false,1
https://www.ccomptes.fr/fr/publications/association-le-fresnoy-studio-national-des-arts-contemporains-nord,"Association ""Le Fresnoy - Studio national des arts contemporains"" (Nord)",,,,,high,Aucun candidat ne correspond à 'Le Fresnoy - Studio national des arts contemporains' : les noms sont trop différents (clubs sportifs ou activités non culturelles) et les codes APE ne correspondent pas à une activité de studio d'arts contemporains.,false,5
https://www.ccomptes.fr/fr/publications/fondation-de-lap-hp-pour-la-recherche,Fondation de l’AP-HP pour la recherche,817850811,FONDATION DE L AP HP POUR LA RECHERCHE,9300,75104,high,"Correspondance exacte du nom (Fondation de l'AP-HP pour la recherche), localisation à Paris (75004), APE 72.19Z (recherche-développement) cohérent avec une fondation de recherche médicale.",false,1
https://www.ccomptes.fr/fr/publications/association-viltais-allier,Association Viltaïs (Allier),407521798,VILTAIS,9220,03190,high,"Nom VILTAIS correspondant à Viltaïs, localisation en Allier (03), APE 55.90Z cohérent avec activités d'hébergement",false,1
https://www.ccomptes.fr/fr/publications/association-agence-durbanisme-de-la-region-angevine-aura-maine-et-loire,Association Agence d'urbanisme de la région angevine (AURA) (Maine-et-Loire),,,,,high,"Aucun candidat ne correspond : localisation Maine-et-Loire absente (candidats en Rhône ou Loire), AURA RECORDS créée en 2024 (postérieure au rapport), APE non cohérent avec une agence d'urbanisme (86.23Z = activités juridiques, 88.10A = activités sociales, 85.59A = formation, 94.99Z = divertissement).",false,5
https://www.ccomptes.fr/fr/publications/association-du-centre-de-formation-des-apprentis-des-maisons-familiales-de-vendee,Association du centre de formation des apprentis des maisons familiales de Vendée,,,,,high,"Le candidat est localisé en Île-de-France (78), pas en Vendée; le nom ne mentionne pas la Vendée et suggère une structure différente de celle décrite dans le titre du rapport.",false,1
https://www.ccomptes.fr/fr/publications/association-du-centre-culturel-de-lancienne-abbaye-des-premontres-de-pont-mousson,Association du Centre culturel de l'ancienne abbaye des Prémontrés de Pont-à-Mousson (Meurthe-et-Moselle),,,,,high,"Aucun candidat ne correspond : le rapport concerne le Centre culturel de l'ancienne abbaye des Prémontrés à Pont-à-Mousson (54), mais aucun des candidats ne porte ce nom ou un sigle similaire, et ceux localisés en Meurthe-et-Moselle n'ont pas d'activité culturelle cohérente.",false,5
https://www.ccomptes.fr/fr/publications/association-pour-la-prevention-et-linsertion-socio-educative-en-guadeloupe-apiseg,Association pour la prévention et l'insertion socio-éducative en Guadeloupe (Apiseg),,,,,low,aucun candidat trouvé dans SIRENE,false,0
https://www.ccomptes.fr/fr/publications/association-jeunesse-et-avenir-loire-atlantique,Association Jeunesse et Avenir (Loire-Atlantique),305588113,ASSOCIATION JEUNESSE ET AVENIR,9220,44055,high,"Correspondance exacte du nom, localisation en Loire-Atlantique (44500), et code APE 88.99B cohérent avec les activités de jeunesse.",false,1
https://www.ccomptes.fr/fr/publications/association-mission-locale-de-la-mayenne-mayenne,Association Mission locale de la Mayenne (Mayenne),509761649,MISSION LOCALE POUR L INSERTION PROFESSIONNELLE ET SOCIALE DES JEUNES DE LA MAYENNE (ML),9220,53130,high,"Nom complet correspondant (Mission locale de la Mayenne), localisation correcte (Mayenne, code 53), APE 84.13Z cohérent avec l'insertion professionnelle et sociale des jeunes.",false,1
https://www.ccomptes.fr/fr/publications/association-daide-aux-personnes-agees-gerant-letablissement-dhebergement-pour,Association d'aide aux personnes âgées gérant l'établissement d'hébergement pour personnes âgées dépendantes (Ehpad) A Ziglia (Haute-Corse),,,,,low,aucun candidat trouvé dans SIRENE,false,0
https://www.ccomptes.fr/fr/publications/association-opera-national-de-lyon-metropole-de-lyon,Association Opéra national de Lyon (métropole de Lyon),339391021,OPERA DE LYON,9220,69381,high,"OPERA DE LYON correspond au nom, à la localisation (Lyon 69001) et à l'APE 90.01Z (spectacles vivants), avec une création cohérente avec l'opéra national.",false,5
https://www.ccomptes.fr/fr/publications/association-office-de-tourisme-intercommunal-de-bayeux-calvados,"Association ""Office de tourisme intercommunal de Bayeux"" (Calvados)",439170317,OFFICE DE TOURISME DE BAYEUX INTERCOM,9220,14047,high,"Nom exact 'OFFICE DE TOURISME DE BAYEUX INTERCOM', localisation Calvados (14047), code APE 79.90Z cohérent avec activité touristique intercommunale.",false,5
https://www.ccomptes.fr/fr/publications/association-les-nids-seine-maritime,Association Les Nids (Seine-Maritime),492984745,LES NIDS,9220,76219,medium,"Nom exact 'LES NIDS', département Seine-Maritime (76), code APE 91.3E (activités spécialisées, sciences et techniques) compatible avec une association, création antérieure au rapport",false,2
https://www.ccomptes.fr/fr/publications/association-centre-choregraphique-national-roubaix-hauts-de-france-nord,Association « Centre chorégraphique national Roubaix Hauts-de-France » (Nord),333976868,CENTRE CHOREGRAPHIQUE NATIONAL ROUBAIX HAUTS-DE-FRANCE (CCN ROUBAIX),9220,59512,high,"Correspondance parfaite du nom, du sigle, de la localisation (Nord, code 59100 Roubaix) et du code APE 90.01Z (activités artistiques)",false,1
https://www.ccomptes.fr/fr/publications/association-plan-sequence-pas-de-calais,"Association ""Plan Séquence"" (Pas-de-Calais)",414469726,PLAN SEQUENCE,9220,62041,high,"Nom exact « PLAN SEQUENCE », localisation Pas-de-Calais (62), APE 93.29Z (activités de création artistique) cohérent avec une association culturelle.",false,1
https://www.ccomptes.fr/fr/publications/association-regionale-specialisee-daction-sociale-deducation-et-danimation-arsea-bas,Association régionale spécialisée d'action sociale d'éducation et d'animation (Arsea) (Bas-Rhin),,,,,low,aucun candidat trouvé dans SIRENE,false,0
https://www.ccomptes.fr/fr/publications/association-realise-meurthe-et-moselle,Association Realise (Meurthe-et-Moselle),775615370,ASSOCIATION REALISE,9220,54578,high,"Correspondance exacte du nom (ASSOCIATION REALISE), localisation en Meurthe-et-Moselle (54), code APE 70.10Z compatible avec activités associatives",false,1
https://www.ccomptes.fr/fr/publications/association-euralens-pas-de-calais,"Association ""Euralens"" (Pas-de-Calais)",518290713,EURALENS,9220,62498,high,"Nom exact (EURALENS), localisation Pas-de-Calais (62), code APE 94.99Z (autres activités associatives n.c.a.) cohérent avec une association, création 2009 plausible.",false,1
https://www.ccomptes.fr/fr/publications/association-anef-loire-saint-etienne-loire,Association « Anef Loire » à Saint-Étienne (Loire),903489128,FONDS DE DOTATION ANEF LOIRE,9300,42218,medium,"Nom et localisation cohérents (ANEF Loire à Saint-Étienne, Loire), mais c'est un fonds de dotation et non une association loi 1901 comme indiqué au rapport.",false,1
https://www.ccomptes.fr/fr/publications/association-signalize-guadeloupe,Association Sign'Alizé (Guadeloupe),813477106,SIGN'ALIZE,9220,97120,high,"Nom identique (Sign'Alizé/SIGN'ALIZE), localisé en Guadeloupe (codes 97120/97110), APE 94.99Z cohérent avec une association d'activités associatives diverses.",false,1
https://www.ccomptes.fr/fr/publications/association-le-clos-du-nid-lozere,"Association ""Le Clos du Nid"" (Lozère)",775608979,ASSOCIATION LE CLOS DU NID (SIEGE SOCIAL),9220,48072,high,"Nom exact 'ASSOCIATION LE CLOS DU NID', localisation Lozère (48100), APE 70.10Z cohérent avec une association",false,5
https://www.ccomptes.fr/fr/publications/association-institut-lumiere-metropole-de-lyon,Association Institut Lumière (Métropole de Lyon),320565914,ASS PREFIGURATION INSTITUT LUMIERE,9220,69388,high,"Le SIREN 320565914 correspond à l'Institut Lumière avec un nom très proche (« ASS PREFIGURATION INSTITUT LUMIERE »), localisé à Lyon (69008), avec un code APE 91.03Z cohérent pour les activités de cinéma et de patrimoine culturel.",false,2
https://www.ccomptes.fr/fr/publications/association-interdepartementale-pour-le-developpement-des-actions-en-faveur-des,Association interdépartementale pour le développement des actions en faveur des personnes handicapées et inadaptées (Aidaphi) (Loiret),,,,,low,aucun candidat trouvé dans SIRENE,false,0
https://www.ccomptes.fr/fr/publications/association-batiment-cfa-normandie-seine-maritime,Association Bâtiment CFA Normandie (Seine-Maritime),778116087,BATIMENT CFA NORMANDIE,9220,76575,high,"Correspondance exacte du nom (Bâtiment CFA Normandie), localisation en Seine-Maritime (76), APE 85.32Z cohérent avec formation professionnelle, et création récente conforme aux données du rapport.",false,1
https://www.ccomptes.fr/fr/publications/association-adrama-angers-maine-et-loire,Association Adrama Angers (Maine-et-Loire),353936800,ASS DEVELOP DU ROCK ET AUTRES MUSIQUES (ADRAMA),9220,49007,high,"Correspondance claire : sigle ADRAMA identique, localisation Angers (49100), code APE 90.04Z cohérent avec activités musicales et culturelles, créée 1994.",false,1
https://www.ccomptes.fr/fr/publications/association-pour-la-sauvegarde-de-lenfant-et-de-ladolescent-ladulte-asea-de-maine-et,Association pour la sauvegarde de l'enfant et de l'adolescent à l'adulte (ASEA) de Maine-et-Loire - Enquête Protection de l'enfant,,,,,,rapport thématique,true,0
https://www.ccomptes.fr/fr/publications/association-de-valloires-somme,Association de Valloires (Somme),780613626,ASSOCIATION DE VALLOIRES,9230,80025,high,"Nom exact 'ASSOCIATION DE VALLOIRES', localisation Valloires (80025 80120), APE 87.10B cohérent avec activités d'hébergement social, créée en 1997 correspondant à un profil classique d'association établie.",false,5
https://www.ccomptes.fr/fr/publications/association-comite-de-gestion-du-theatre-du-beauvaisis-oise,"Association ""Comité de gestion du théâtre du Beauvaisis"" (Oise)",442529996,COMITE GESTION THEATRE DU BEAUVAISIS,9220,60057,high,"Correspondance exacte du nom (Comité de gestion du théâtre du Beauvaisis), localisation en Oise (60057 Beauvais, 60000), code APE 90.01Z cohérent avec une activité de théâtre.",false,1
https://www.ccomptes.fr/fr/publications/association-des-amis-de-la-medecine-sociale-haute-garonne,Association des amis de la médecine sociale (Haute-Garonne),776938599,ASSOC DES AMIS DE LA MEDECINE SOCIALE (AMS),9220,31555,high,"Nom exact (ASSOC DES AMIS DE LA MEDECINE SOCIALE), sigle AMS correspondant, localisation Haute-Garonne (31), APE 86.10Z cohérent avec activités médicales et sociales.",false,1
https://www.ccomptes.fr/fr/publications/association-sauvegarde-de-lenfance-adsea-82-tarn-et-garonne,"Association ""Sauvegarde de l'enfance"" (ADSEA 82) (Tarn-et-Garonne)",,,,,high,"Le candidat (1) est une association guadeloupéenne (siège en Guadeloupe) créée en 2018, alors que le rapport concerne l'ADSEA 82 du Tarn-et-Garonne. Malgré la similarité du nom (Sauvegarde de l'enfance), la localisation et l'historique sont incompatibles.",false,1
https://www.ccomptes.fr/fr/publications/association-pictanovo-nord,"Association ""Pictanovo"" (Nord)",333512119,PICTANOVO (PICTANOVO),9220,59599,high,"Correspondance exacte du nom (PICTANOVO), localisation dans le Nord (59), code APE 90.01Z (activités créatives, artistiques et de spectacle) cohérent avec une association culturelle audiovisuelle.",false,1
https://www.ccomptes.fr/fr/publications/association-mission-locale-pour-linsertion-la-formation-et-lemploi-en-picardie,"Association ""Mission locale pour l'insertion, la formation et l'emploi en Picardie maritime"" (Somme)",430125260,MISSION LOCALE DE LA PICARDIE MARITIME,9220,80001,high,"Correspondance exacte du nom (Mission locale de la Picardie maritime), localisation en Somme (80), et code APE 84.13Z cohérent avec l'insertion et la formation professionnelle.",false,5
https://www.ccomptes.fr/fr/publications/association-choose-paris-region,Association Choose Paris Région,802060814,CHOOSE PARIS REGION,9220,93070,high,"Correspondance exacte du nom (CHOOSE PARIS REGION), localisation en Île-de-France (93), code APE 70.22Z cohérent avec une activité de promotion/conseil régional",false,1
https://www.ccomptes.fr/fr/publications/association-seine-maritime-attractivite-seine-maritime,Association Seine-Maritime Attractivité (Seine-Maritime),824658389,SEINE-MARITIME ATTRACTIVITE (SMA),9220,76451,high,"Correspondance exacte du nom (SEINE-MARITIME ATTRACTIVITE avec sigle SMA), localisation en Seine-Maritime (76), et APE 79.90Z (activités de conseil) cohérent avec une association d'attractivité territoriale.",false,1
https://www.ccomptes.fr/fr/publications/association-saint-benoit-labre-asbl44-loire-atlantique-enquete-protection-de-lenfant,Association Saint-Benoît Labre (ASBL44) (Loire-Atlantique) - Enquête Protection de l'enfant,,,,,,rapport thématique,true,0
https://www.ccomptes.fr/fr/publications/association-le-havre-developpement-seine-maritime,Association Le Havre développement (Seine-Maritime),352778872,LE HAVRE SEINE DEVELOPPEMENT (LHD),9220,76351,high,"Nom très proche (Le Havre développement vs Le Havre Seine Développement), localisation identique (Seine-Maritime, Le Havre 76600), code APE cohérent (94.99Z = activités associatives), création récente compatible.",false,5
https://www.ccomptes.fr/fr/publications/association-savoie-mont-blanc-tourisme-annecy-haute-savoie,Association Savoie Mont-Blanc Tourisme à Annecy (Haute-Savoie),938783123,COMITE DEPARTEMENTAL DU TOURISME HAUTE-SAVOIE MONT-BLANC,9220,74010,medium,"Le nom contient 'TOURISME HAUTE-SAVOIE MONT-BLANC', la localisation est en Haute-Savoie (74000 = Annecy), l'APE 79.90Z correspond aux activités d'organisation touristique, mais la création très récente (2024-12-04) et l'absence du sigle 'SMB' ou du nom exact 'Savoie Mont-Blanc Tourisme' créent une légère incertitude.",false,1
https://www.ccomptes.fr/fr/publications/association-pole-image-haute-normandie-rouen-seine-maritime,Association Pôle Image Haute-Normandie - Rouen (Seine-Maritime),434388211,POLE IMAGE HAUTE NORMANDIE,9220,76540,high,"Nom exact (POLE IMAGE HAUTE NORMANDIE), localisation Rouen/Seine-Maritime (76), code APE 59.11B (production de films) cohérent avec un pôle image, création 2015.",false,1
https://www.ccomptes.fr/fr/publications/association-eureka-orne,Association Eureka (Orne),388687055,EUREKA,9220,61001,high,"Nom exact 'EUREKA', localisation en Orne (61), APE 90.01Z (activités de création et spectacles) cohérent avec une association généraliste.",false,2
https://www.ccomptes.fr/fr/publications/association-du-comite-regional-de-tourisme-de-normandie-evreux-eure,Association du comité régional de tourisme de Normandie - Évreux (Eure),321190902,COMITE REGIONAL DE TOURISME DE NORMANDIE (CRT),9220,14118,medium,"Nom exact (Comité régional de tourisme de Normandie), code APE 84.13Z cohérent (activités des organisations de gestion de projets de construction), mais siège à Caen (14000) et non à Évreux (27000) comme indiqué dans le titre du rapport.",false,2
https://www.ccomptes.fr/fr/publications/association-ecole-de-management-de-normandie-caen-calvados,Association « École de management de Normandie » - Caen (Calvados),479806630,ECOLE DE MANAGEMENT DE NORMANDIE OU EM NORMANDIE (EMN),9220,76351,high,"Nom exact « École de Management de Normandie » avec sigle EMN, code APE 85.59B cohérent avec la formation managériale, bien que le siège soit en Seine-Maritime (76) plutôt qu'en Calvados ; création récente en 2020 peut correspondre à une restructuration administrative.",false,5
https://www.ccomptes.fr/fr/publications/association-centre-de-recherche-technologique-en-aerothermique-et-moteurs-certam-seine,Association « Centre de recherche technologique en aérothermique et moteurs » (Certam) (Seine-Maritime),,,,,high,"Aucun candidat ne correspond : le rapport concerne un centre de recherche technologique en aérothermique et moteurs (activité hautement spécialisée), alors que les candidats sont des associations de loisirs, centres de vacances ou de prévention sans lien avec la recherche technologique ou l'aéronautique.",false,5
https://www.ccomptes.fr/fr/publications/association-pour-la-creation-dune-maison-de-la-vie-et-des-traditions-portuaires,Association pour la création d'une maison de la vie et des traditions portuaires (Acmapor) (Nord),,,,,high,"Aucun candidat ne correspond : le rapport porte sur l'Acmapor (maison de la vie et traditions portuaires), introuvable dans la liste. Les candidats présents sont des associations généralistes ou culturelles sans rapport avec le patrimoine portuaire.",false,5
https://www.ccomptes.fr/fr/publications/association-haguenau-entraide-bas-rhin,Association Haguenau Entr'aide (Bas-Rhin),329704878,HAGUENAU ENTR'AIDE,9260,67180,high,"Nom exact (HAGUENAU ENTR'AIDE), localisation correcte (67500 Haguenau, Bas-Rhin), APE 88.10A (aide sociale sans hébergement) cohérent avec une association d'entraide.",false,1
https://www.ccomptes.fr/fr/publications/association-pays-de-fougeres-marches-de-bretagne-fougeres-ille-et-vilaine,"Association ""Pays de Fougères, Marches de Bretagne"" à Fougères (Ille-et-Vilaine)",,,,,high,"Le rapport porte sur 'Pays de Fougères, Marches de Bretagne' (organisme territorial/développement local), alors que tous les candidats sont des structures sportives, d'entrepreneuriat ou de santé sans correspondance avec ce profil d'association de développement territorial.",false,5
https://www.ccomptes.fr/fr/publications/association-le-polyedre-seynod-haute-savoie,"Association ""Le Polyèdre"" à Seynod (Haute-Savoie)",387951338,LE POLYEDRE,9220,74010,high,"Nom exact 'LE POLYEDRE', localisation Seynod (74010), APE 93.29Z cohérent avec activités associatives, création 1991 compatible avec un rapport d'audit",false,5
https://www.ccomptes.fr/fr/publications/association-pour-lutilisation-du-rein-artificiel-la-reunion-aurar-la-reunion,Association pour l'utilisation du rein artificiel à La Réunion (Aurar) (La Réunion),,,,,low,aucun candidat trouvé dans SIRENE,false,0
https://www.ccomptes.fr/fr/publications/association-pour-le-developpement-economique-de-la-region-lyonnaise-aderly-rhone,Association pour le développement économique de la région lyonnaise (ADERLY) (Rhône),,,,,low,aucun candidat trouvé dans SIRENE,false,0
https://www.ccomptes.fr/fr/publications/association-ligerienne-daide-aux-handicapes-mentaux-et-inadaptes-alahmi-chemille-maine,Association ligérienne d'aide aux handicapés mentaux et inadaptés (Alahmi) - Chemillé (Maine-et-Loire),,,,,low,aucun candidat trouvé dans SIRENE,false,0
https://www.ccomptes.fr/fr/publications/association-regionale-pour-linstitut-de-formation-en-travail-social-arifts-maine-et,Association régionale pour l'institut de formation en travail social (ARIFTS) (Maine-et-Loire),,,,,low,aucun candidat trouvé dans SIRENE,false,0
https://www.ccomptes.fr/fr/publications/association-pour-le-developpement-du-pays-yonnais-adepy-enquete-sur-les-politiques,Association pour le développement du Pays yonnais (Adepy) - Enquête sur les politiques locales d'aides économique aux entreprises et de développement économique sur le territoire du Pays Yon et Vie (Vendée),,,,,,rapport thématique,true,0
https://www.ccomptes.fr/fr/publications/association-theatre-royal-de-luxe-loire-atlantique,Association Théâtre Royal de Luxe (Loire-Atlantique),378757686,THEATRE ROYAL DE LUXE,9220,44109,high,"Correspondance exacte du nom (THEATRE ROYAL DE LUXE), localisation en Loire-Atlantique (44300), code APE 90.01Z cohérent avec activité théâtrale.",false,1
https://www.ccomptes.fr/fr/publications/association-syndicale-des-marais-de-la-faute-sur-mer-enquete-xynthia-var-vendee,Association syndicale des marais de La Faute-sur-Mer - Enquête Xynthia-Var (Vendée),,,,,,rapport thématique,true,0
https://www.ccomptes.fr/fr/publications/association-syndicale-de-la-vallee-du-lay-enquete-xynthia-var-vendee,Association syndicale de la Vallée du Lay - Enquête Xynthia-Var (Vendée),,,,,,rapport thématique,true,0
https://www.ccomptes.fr/fr/publications/association-pole-des-competences-aeriennes-sud-corse-pcasc-porto-vecchio-corse-du-sud,Association Pôle des compétences aériennes Sud Corse (PCASC) - Porto-Vecchio (Corse-du-Sud),513255034,ASS POLE DES COMPETENCES AERIENNES SUD CORSE (PDCASC),9220,2A247,high,"Nom très proche (PDCASC vs PCASC), localisation en Corse-du-Sud (20137), APE 94.99Z cohérent avec activités d'autres organisations professionnelles",false,1
https://www.ccomptes.fr/fr/publications/association-cotes-darmor-developpement-cad-saint-brieuc-cotes-darmor,Association Côtes-d'Armor développement (CAD) - Saint-Brieuc (Côtes-d'Armor),,,,,low,aucun candidat trouvé dans SIRENE,false,0
https://www.ccomptes.fr/fr/publications/association-bretagne-commerce-international-bci-rennes-ille-et-vilaine,"Association Bretagne commerce international (BCI), à Rennes (Ille-et-Vilaine)",332304583,BRETAGNE COMMERCE INTERNATIONAL,9220,35051,high,"Correspondance exacte du nom (Bretagne commerce international), localisation Rennes en Ille-et-Vilaine (35051 35510), et APE 84.13Z cohérent avec activités d'organisations patronales et consulaires.",false,1
https://www.ccomptes.fr/fr/publications/association-capoise-hauts-de-france-oise,Association Cap'Oise Hauts-de-France (Oise),,,,,low,aucun candidat trouvé dans SIRENE,false,0
https://www.ccomptes.fr/fr/publications/association-rouennaise-de-readaptation-de-lenfance-deficiente-arred-bois-guillaume,Association rouennaise de réadaptation de l'enfance déficiente (Arred)  - Bois Guillaume (Seine-Maritime),,,,,low,aucun candidat trouvé dans SIRENE,false,0
https://www.ccomptes.fr/fr/publications/association-orchestre-des-pays-de-savoie-le-bourget-du-lac-savoie,Association Orchestre des Pays de Savoie - Le Bourget-du-Lac (Savoie),332521897,ORCHESTRE DES PAYS DE SAVOIE,9220,73051,high,"Nom exact (Orchestre des Pays de Savoie), localisation en Savoie (73370 = Le Bourget-du-Lac), APE 90.01Z cohérent avec une activité musicale/orchestrale.",false,1
https://www.ccomptes.fr/fr/publications/association-du-festival-du-film-de-cabourg-calvados,Association du festival du film de Cabourg (Calvados),483168225,ASS DU FESTIVAL DU FILM DE CABOURG,9220,14117,high,"Nom exact correspondant, localisation identique (Calvados, commune 14390), APE 90.01Z cohérent avec activités cinématographiques et festivals de films.",false,2
https://www.ccomptes.fr/fr/publications/association-costa-serena-fm,Association Costa Serena FM,404818114,ASSOCIATION COSTA SERENA FM,9220,2B251,high,"Correspondance exacte du nom, localisation en Corse-du-Sud (2B), et APE 60.10Z cohérent avec une radio associative (transmission de programmes de radio).",false,1
https://www.ccomptes.fr/fr/publications/association-la-renaissance-de-mondeville-calvados,"Association ""La Renaissance"" de Mondeville (Calvados)",480522333,LA RENAISSANCE,9220,14437,high,"Nom exact (LA RENAISSANCE), localisation confirmée en Calvados (14437=Mondeville, 14120=code postal), APE 90.01Z cohérent avec activités associatives, création 2005 plausible.",false,1
https://www.ccomptes.fr/fr/publications/association-echirolles-vacances-animation-developpement-educatif-evade-echirolles,Association Échirolles vacances animation développement éducatif (EVADE) - Échirolles (Isère),779506393,ECHIROLLES VACANCES ANIMATION DEVELOPPEMENT EDUCATIF (EVADE),9220,38151,high,"Correspondance exacte du nom (EVADE), localisation Échirolles Isère (38130), et APE 55.20Z (hébergement touristique) cohérent avec une association de vacances et animation.",false,1
https://www.ccomptes.fr/fr/publications/association-rouen-business-school-mont-saint-aignan-seine-maritime,"Association ""Rouen Business School"" à Mont-Saint-Aignan (Seine-Maritime)",498287648,ROUEN BUSINESS SCHOOL (R.B.S.),9220,76451,high,"Raison sociale exacte 'ROUEN BUSINESS SCHOOL', localisation Mont-Saint-Aignan (76130), code APE 85.42Z cohérent avec une école/établissement d'enseignement supérieur.",false,5
https://www.ccomptes.fr/fr/publications/association-fontevraud-centre-culturel-de-louest-maine-et-loire,Association Fontevraud-Centre  culturel de l'Ouest (Maine-et-Loire),,,,,low,aucun candidat trouvé dans SIRENE,false,0
https://www.ccomptes.fr/fr/publications/association-orchestre-de-picardie-somme,"Association ""Orchestre de Picardie"" (Somme)",780603734,ORCHESTRE DE PICARDIE,9220,80021,high,"Correspondance exacte du nom « Orchestre de Picardie », localisation Somme (80000), code APE 90.01Z (activités artistiques) approprié pour une association musicale, création 1989 cohérente.",false,2
https://www.ccomptes.fr/fr/publications/association-centre-culturel-transfrontalier-le-manege-maubeuge-nord,"Association Centre culturel transfrontalier ""Le Manège"" à Maubeuge (Nord)",342668381,CENTR CULTUREL TRANSFRONTALIER LE MANEGE,9220,59392,high,"Correspondance exacte du nom (Centre culturel transfrontalier Le Manège), localisation à Maubeuge (59600), et code APE 90.01Z (activités de spectacle, arts du cirque) cohérent avec une association culturelle.",false,1
https://www.ccomptes.fr/fr/publications/association-la-manche-ouest-normandie-grand-depart-tour-de-france-2016-saint-lo-manche,Association La Manche - Ouest Normandie - Grand départ Tour de France 2016 - Saint-Lô (Manche),,,,,high,"Aucun candidat ne correspond à une association organisant le Grand départ Tour de France 2016 à Saint-Lô ; les candidats trouvés sont des associations d'aide sociale, de loisirs ou d'action sanitaire, sans lien avec l'événement cycliste.",false,5
https://www.ccomptes.fr/fr/publications/association-des-arts-martiaux-dasnieres-sur-seine-ama-hauts-de-seine,Association des arts martiaux d'Asnières-sur-Seine (AMA) (Hauts-de-Seine),334536687,ARTS MARTIAUX ASNIERES (AMA),9220,92004,high,"Nom exact 'ARTS MARTIAUX ASNIERES' avec sigle AMA, localisation Hauts-de-Seine (92600 Asnières-sur-Seine), APE 93.12Z cohérent avec enseignement des sports/arts martiaux.",false,5
https://www.ccomptes.fr/fr/publications/association-cercle-paul-bert-rennes-ille-et-vilaine,Association Cercle Paul Bert à Rennes (Ille-et-Vilaine),777746702,CERCLE PAUL BERT SOC SPORT,9220,35238,high,"Cercle Paul Bert Soc Sport est la structure générale historique (créée 1900) basée à Rennes (35000), correspondant au rapport sur l'Association Cercle Paul Bert, contrairement aux structures spécialisées (handball, football, Blosne) créées ultérieurement.",false,5
https://www.ccomptes.fr/fr/publications/association-activite-et-loisirs-revonnas-ain,Association Activité et Loisirs à Revonnas - Ain,352373625,ASS ACTIVITES LOISIRS,9220,01321,high,"Nom très proche (ASS ACTIVITES LOISIRS vs Activité et Loisirs), localisation en Ain (01250 est Revonnas), APE 94.99Z cohérent avec activités de loisirs, création 1985 plausible.",false,1
https://www.ccomptes.fr/fr/publications/association-la-traverse-cleon-seine-maritime,"Association - ""La Traverse"" - Cléon (Seine-Maritime)",409586104,LA TRAVERSE,9220,76178,high,"Nom exact 'LA TRAVERSE', localisation en Seine-Maritime (76178 76410 = Cléon), APE 90.04Z cohérent avec activités associatives",false,5
https://www.ccomptes.fr/fr/publications/association-eure-expansion-eure,Association Eure Expansion (Eure),780807848,COMITE EXPANSION ECONOMIQUE DE L EURE (C3E),9220,27229,high,"Le nom 'Comité Expansion Économique de l'Eure' correspond directement à 'Eure Expansion', même localisation (27000), APE 84.13Z cohérent avec activités économiques/développement territorial.",false,2
https://www.ccomptes.fr/fr/publications/association-du-theatre-de-saint-quentin-en-yvelines-yvelines,Association du Théâtre de Saint-Quentin-en-Yvelines (Yvelines),,,,,high,"Aucun candidat ne porte le nom 'Association du Théâtre de Saint-Quentin-en-Yvelines' ou une variante proche, et le seul candidat en Yvelines (78) est localisé à Fontainebleau (78360), non à Saint-Quentin-en-Yvelines (78280).",false,5
