siren,date_jugement,nature_jugement,famille_jugement
538356312,2015-10-29,Dépôt de l'état des créances,Avis de dépôt
810090530,2019-01-10,Jugement d'ouverture d'une procédure de redressement judiciaire,Jugement d'ouverture
533733937,2019-10-11,Autre avis de dépôt,Avis de dépôt
804843894,2020-10-01,Jugement de clôture pour insuffisance d'actif,Jugement de clôture
494576382,2021-08-16,Dépôt de l'état des créances,Avis de dépôt
442122396,2022-01-02,Dépôt de l'état des créances et du projet de répartition,Avis de dépôt
807444641,2022-01-24,Autre jugement prononçant,Jugement prononçant
814150207,2022-01-24,Jugement d'ouverture d'une procédure de redressement judiciaire,Jugement d'ouverture
845180918,2022-01-24,Autre jugement prononçant,Jugement prononçant
894113851,2022-04-08,Jugement d'ouverture d'une procédure de redressement judiciaire,Jugement d'ouverture
792364986,2022-06-07,Autre jugement et ordonnance,Extrait de jugement
807402763,2022-10-06,Jugement d'ouverture de liquidation judiciaire,Jugement d'ouverture
812396315,2022-10-12,Dépôt de l'état des créances,Avis de dépôt
508433885,2022-10-28,Jugement d'ouverture d'une procédure de redressement judiciaire,Jugement d'ouverture
525250452,2022-10-28,Jugement d'ouverture d'une procédure de redressement judiciaire,Jugement d'ouverture
528825565,2022-10-28,Jugement d'ouverture d'une procédure de redressement judiciaire,Jugement d'ouverture
847609831,2022-11-04,Jugement d'ouverture d'une procédure de sauvegarde,Jugement d'ouverture
508240165,2022-11-18,Dépôt de l'état des créances,Avis de dépôt
449983972,2022-12-13,Jugement de clôture pour insuffisance d'actif,Jugement de clôture
843138314,2022-12-16,Jugement d'ouverture de liquidation judiciaire,Jugement d'ouverture
481052744,2022-12-19,Jugement d'ouverture de liquidation judiciaire,Jugement d'ouverture
832077978,2022-12-19,Liste des créances nées après le jugement d'ouverture d'une procédure de liquidation judiciaire,Avis de dépôt
825267370,2022-12-20,Jugement d'ouverture de liquidation judiciaire,Jugement d'ouverture
781621149,2022-12-21,Jugement d'ouverture d'une procédure de redressement judiciaire,Jugement d'ouverture
793792631,2022-12-21,Jugement d'ouverture de liquidation judiciaire,Jugement d'ouverture
794570556,2022-12-29,Autre jugement prononçant,Jugement prononçant
788883452,2022-12-30,Jugement de clôture pour insuffisance d'actif,Jugement de clôture
779221985,2023-01-04,Jugement d'ouverture d'une procédure de redressement judiciaire,Jugement d'ouverture
834782989,2023-01-05,Jugement de clôture pour insuffisance d'actif,Jugement de clôture
432824936,2023-01-06,Jugement de clôture pour insuffisance d'actif,Jugement de clôture
440545010,2023-01-09,Jugement d'ouverture de liquidation judiciaire,Jugement d'ouverture
517868345,2023-01-09,Jugement de clôture pour insuffisance d'actif,Jugement de clôture
832423123,2023-01-09,Dépôt de l'état des créances,Avis de dépôt
792400475,2023-01-10,Jugement de clôture pour insuffisance d'actif,Jugement de clôture
841140742,2023-01-10,Jugement de plan de redressement,Extrait de jugement
777752023,2023-01-11,Jugement d'ouverture d'une procédure de sauvegarde,Jugement d'ouverture
794848499,2023-01-11,Autre arrêt de la Cour d'Appel,Arrêt de la Cour d'Appel
482267523,2023-01-12,Jugement d'ouverture d'une procédure de sauvegarde,Jugement d'ouverture
523677409,2023-01-12,Jugement de clôture pour insuffisance d'actif,Jugement de clôture
779559657,2023-01-12,Jugement d'ouverture de liquidation judiciaire,Jugement d'ouverture
813151172,2023-01-12,Jugement d'ouverture de liquidation judiciaire,Jugement d'ouverture
391127388,2023-01-13,Jugement de clôture pour insuffisance d'actif,Jugement de clôture
327852687,2023-01-16,Liste des créances nées après le jugement d'ouverture d'une procédure de liquidation judiciaire,Avis de dépôt
411241631,2023-01-17,Jugement d'ouverture d'une procédure de redressement judiciaire,Jugement d'ouverture
331349837,2023-01-24,Autre jugement de clôture,Jugement de clôture
339763781,2023-01-24,Jugement d'ouverture de liquidation judiciaire,Jugement d'ouverture
813374014,2023-01-24,Jugement de conversion en liquidation judiciaire de la procédure de sauvegarde,Jugement prononçant
881402556,2023-01-24,Jugement d'ouverture de liquidation judiciaire,Jugement d'ouverture
881881254,2023-01-24,Jugement d'ouverture de liquidation judiciaire,Jugement d'ouverture
899621569,2023-01-24,Jugement d'ouverture d'une procédure de redressement judiciaire,Jugement d'ouverture
325079952,2023-01-25,Jugement d'ouverture d'une procédure de redressement judiciaire,Jugement d'ouverture
352007173,2023-01-25,Jugement d'ouverture de liquidation judiciaire,Jugement d'ouverture
850263708,2023-01-25,Jugement de clôture pour insuffisance d'actif,Jugement de clôture
885008433,2023-01-26,Jugement d'ouverture de liquidation judiciaire,Jugement d'ouverture
319346508,2023-01-30,Jugement de clôture pour insuffisance d'actif,Jugement de clôture
477661714,2023-01-30,Jugement de clôture pour insuffisance d'actif,Jugement de clôture
509934287,2023-01-30,Jugement d'ouverture de liquidation judiciaire,Jugement d'ouverture
889640025,2023-01-30,Jugement d'ouverture de liquidation judiciaire,Jugement d'ouverture
911191575,2023-01-30,Jugement d'ouverture d'une procédure de redressement judiciaire,Jugement d'ouverture
820402550,2023-02-01,Jugement d'ouverture de liquidation judiciaire,Jugement d'ouverture
781124763,2023-02-02,Autre jugement prononçant,Jugement prononçant
833126782,2023-02-02,Jugement de clôture pour insuffisance d'actif,Jugement de clôture
407684489,2023-02-06,Jugement d'ouverture d'une procédure de redressement judiciaire,Jugement d'ouverture
441334471,2023-02-06,Autre jugement et ordonnance,Extrait de jugement
801308974,2023-02-09,Jugement d'ouverture de liquidation judiciaire,Jugement d'ouverture
381118025,2023-02-13,Jugement de clôture pour insuffisance d'actif,Jugement de clôture
388722985,2023-02-13,Autre jugement d'ouverture,Jugement d'ouverture
843455783,2023-02-13,Jugement d'ouverture de liquidation judiciaire,Jugement d'ouverture
492562533,2023-02-14,Jugement de plan de redressement,Extrait de jugement
529526642,2023-02-14,Jugement de clôture pour insuffisance d'actif,Jugement de clôture
908255821,2023-02-14,Jugement de clôture pour insuffisance d'actif,Jugement de clôture
807862446,2023-02-15,Autre jugement prononçant,Jugement prononçant
833014319,2023-02-16,Autre jugement prononçant,Jugement prononçant
379093057,2023-02-17,Jugement de clôture pour insuffisance d'actif,Jugement de clôture
502654007,2023-02-17,Jugement de clôture pour insuffisance d'actif,Jugement de clôture
483054870,2023-02-27,Jugement de clôture pour insuffisance d'actif,Jugement de clôture
822893525,2023-02-27,Dépôt de l'état des créances,Avis de dépôt
879564888,2023-02-27,Jugement d'ouverture de liquidation judiciaire,Jugement d'ouverture
390226207,2023-02-28,Autre jugement prononçant,Jugement prononçant
783896228,2023-02-28,Autre jugement prononçant,Jugement prononçant
512807165,2023-03-01,Dépôt de l'état des créances,Avis de dépôt
840484422,2023-03-02,Jugement d'ouverture de liquidation judiciaire,Jugement d'ouverture
837530021,2023-03-03,Autre jugement prononçant,Jugement prononçant
441731338,2023-03-06,Dépôt de l'état des créances,Avis de dépôt
877910844,2023-03-06,Dépôt de l'état des créances,Avis de dépôt
438693152,2023-03-09,Dépôt de l'état des créances,Avis de dépôt
789054913,2023-03-10,Jugement d'ouverture de liquidation judiciaire,Jugement d'ouverture
821771771,2023-03-10,Jugement de clôture pour insuffisance d'actif,Jugement de clôture
421462417,2023-03-13,Jugement arrêtant le plan de sauvegarde,Extrait de jugement
334769098,2023-03-14,Jugement d'ouverture de liquidation judiciaire,Jugement d'ouverture
822108932,2023-03-14,Jugement d'ouverture de liquidation judiciaire,Jugement d'ouverture
312467285,2023-03-16,Jugement d'ouverture de liquidation judiciaire,Jugement d'ouverture
531235968,2023-03-16,Jugement d'ouverture de liquidation judiciaire,Jugement d'ouverture
540042991,2023-03-17,Dépôt de l'état des créances,Avis de dépôt
777574179,2023-03-19,Autre avis de dépôt,Avis de dépôt
300166410,2023-03-21,Dépôt de l'état des créances,Avis de dépôt
301166013,2023-03-23,Jugement d'ouverture d'une procédure de redressement judiciaire,Jugement d'ouverture
443673876,2023-03-23,Autre jugement prononçant,Jugement prononçant
504817503,2023-03-23,Jugement de clôture pour insuffisance d'actif,Jugement de clôture
442385217,2023-03-27,Dépôt de l'état des créances,Avis de dépôt
330275884,2023-03-28,Jugement d'ouverture d'une procédure de redressement judiciaire,Jugement d'ouverture
381938133,2023-03-28,Jugement d'ouverture de liquidation judiciaire,Jugement d'ouverture
411263973,2023-03-28,Jugement d'ouverture d'une procédure de redressement judiciaire,Jugement d'ouverture
795234731,2023-03-28,Jugement de clôture pour insuffisance d'actif,Jugement de clôture
808750764,2023-03-30,Jugement d'ouverture d'une procédure de redressement judiciaire,Jugement d'ouverture
813817616,2023-03-30,Jugement d'ouverture de liquidation judiciaire,Jugement d'ouverture
408338135,2023-04-04,Jugement de clôture pour insuffisance d'actif et autorisant la reprise des poursuites individuelles,Jugement de clôture
809749724,2023-04-04,Autre jugement et ordonnance,Extrait de jugement
402474183,2023-04-06,Autre jugement et ordonnance,Extrait de jugement
415002054,2023-04-06,Autre jugement d'ouverture,Jugement d'ouverture
414261875,2023-04-07,Jugement de clôture pour insuffisance d'actif,Jugement de clôture
392334124,2023-04-11,Dépôt de l'état des créances,Avis de dépôt
392686077,2023-04-13,Jugement de conversion en liquidation judiciaire,Jugement prononçant
479562902,2023-04-13,Jugement d'ouverture d'une procédure de redressement judiciaire,Jugement d'ouverture
519702138,2023-04-13,Autre jugement prononçant,Jugement prononçant
802536763,2023-04-13,Jugement de clôture pour insuffisance d'actif,Jugement de clôture
775530769,2023-04-14,Autre jugement et ordonnance,Extrait de jugement
829112325,2023-04-14,Jugement d'ouverture d'une procédure de redressement judiciaire,Jugement d'ouverture
849778303,2023-04-14,Jugement d'ouverture de liquidation judiciaire,Jugement d'ouverture
849111257,2023-04-18,Jugement d'ouverture d'une procédure de redressement judiciaire,Jugement d'ouverture
818120453,2023-04-20,Jugement d'ouverture de liquidation judiciaire,Jugement d'ouverture
431294669,2023-04-21,Jugement de clôture pour insuffisance d'actif,Jugement de clôture
514591684,2023-04-21,Jugement de clôture pour extinction du passif,Jugement de clôture
514592179,2023-04-21,Jugement de clôture pour extinction du passif,Jugement de clôture
889489845,2023-04-24,Dépôt de l'état des créances,Avis de dépôt
512852831,2023-04-25,Jugement de conversion en liquidation judiciaire,Jugement prononçant
793836875,2023-04-25,Jugement d'ouverture de liquidation judiciaire,Jugement d'ouverture
879249068,2023-04-25,Jugement d'ouverture de liquidation judiciaire,Jugement d'ouverture
901317362,2023-04-25,Jugement d'ouverture de liquidation judiciaire,Jugement d'ouverture
534753835,2023-05-03,Dépôt de l'état des créances,Avis de dépôt
802855676,2023-05-03,Jugement de clôture pour insuffisance d'actif,Jugement de clôture
317050383,2023-05-04,Jugement de clôture pour insuffisance d'actif,Jugement de clôture
340317908,2023-05-09,Jugement de clôture pour insuffisance d'actif,Jugement de clôture
341862597,2023-05-10,Jugement de clôture pour insuffisance d'actif,Jugement de clôture
483042081,2023-05-10,Dépôt de l'état des créances,Avis de dépôt
803403179,2023-05-10,Jugement d'ouverture de liquidation judiciaire,Jugement d'ouverture
852713940,2023-05-10,Autre jugement prononçant,Jugement prononçant
478075260,2023-05-11,Autre jugement d'ouverture,Jugement d'ouverture
798002218,2023-05-11,Jugement de clôture pour insuffisance d'actif,Jugement de clôture
512472077,2023-05-12,Jugement de clôture pour insuffisance d'actif,Jugement de clôture
390274595,2023-05-15,Jugement de clôture pour insuffisance d'actif,Jugement de clôture
511425829,2023-05-15,Jugement de clôture pour insuffisance d'actif,Jugement de clôture
492222633,2023-05-16,Jugement de clôture pour insuffisance d'actif,Jugement de clôture
811531755,2023-05-17,Liste des créances nées après le jugement d'ouverture d'une procédure de liquidation judiciaire,Avis de dépôt
403314222,2023-05-22,Jugement de clôture pour insuffisance d'actif,Jugement de clôture
528215338,2023-05-23,Jugement de clôture pour insuffisance d'actif,Jugement de clôture
328358080,2023-05-24,Dépôt de l'état des créances,Avis de dépôt
890087463,2023-05-26,Jugement d'ouverture de liquidation judiciaire,Jugement d'ouverture
780299202,2023-05-30,Jugement d'ouverture de liquidation judiciaire,Jugement d'ouverture
780808457,2023-05-30,Jugement de clôture pour insuffisance d'actif,Jugement de clôture
313524753,2023-05-31,Jugement d'ouverture d'une procédure de redressement judiciaire,Jugement d'ouverture
838657237,2023-06-01,Jugement d'ouverture d'une procédure de redressement judiciaire,Jugement d'ouverture
884924507,2023-06-01,Dépôt de l'état des créances,Avis de dépôt
811193309,2023-06-02,Autre jugement prononçant,Jugement prononçant
807836598,2023-06-05,Jugement de clôture pour insuffisance d'actif,Jugement de clôture
900774449,2023-06-05,Jugement de clôture pour insuffisance d'actif,Jugement de clôture
439689787,2023-06-06,Jugement de clôture pour insuffisance d'actif,Jugement de clôture
779856806,2023-06-07,Jugement d'ouverture de liquidation judiciaire,Jugement d'ouverture
499045227,2023-06-12,Jugement d'ouverture de liquidation judiciaire,Jugement d'ouverture
910474568,2023-06-12,Jugement d'ouverture de liquidation judiciaire,Jugement d'ouverture
511324709,2023-06-14,Jugement d'ouverture de liquidation judiciaire,Jugement d'ouverture
837527571,2023-06-14,Jugement d'ouverture d'une procédure de redressement judiciaire,Jugement d'ouverture
891576589,2023-06-14,Jugement d'ouverture de liquidation judiciaire,Jugement d'ouverture
894122449,2023-06-14,Jugement d'ouverture d'une procédure de redressement judiciaire,Jugement d'ouverture
899326193,2023-06-14,Jugement d'ouverture d'une procédure de redressement judiciaire,Jugement d'ouverture
808714356,2023-06-15,Jugement de clôture pour insuffisance d'actif,Jugement de clôture
491871653,2023-06-19,Jugement de clôture pour insuffisance d'actif,Jugement de clôture
848570891,2023-06-19,Jugement de clôture pour insuffisance d'actif,Jugement de clôture
450289392,2023-06-21,Autre jugement et ordonnance,Extrait de jugement
533393005,2023-06-22,Jugement arrêtant le plan de sauvegarde,Extrait de jugement
829961424,2023-06-22,Jugement d'ouverture de liquidation judiciaire,Jugement d'ouverture
343972600,2023-06-26,Autre jugement prononçant,Jugement prononçant
398708347,2023-06-26,Dépôt de l'état de collocation,Avis de dépôt
440571263,2023-06-26,Jugement d'ouverture de liquidation judiciaire,Jugement d'ouverture
797976230,2023-06-26,Jugement d'ouverture de liquidation judiciaire,Jugement d'ouverture
449701333,2023-06-27,Jugement de clôture pour insuffisance d'actif,Jugement de clôture
530488147,2023-06-27,Jugement de clôture pour insuffisance d'actif,Jugement de clôture
794115790,2023-06-27,Jugement de clôture pour insuffisance d'actif,Jugement de clôture
812578086,2023-06-27,Jugement d'ouverture de liquidation judiciaire,Jugement d'ouverture
753426204,2023-06-28,Jugement de clôture pour insuffisance d'actif,Jugement de clôture
309599645,2023-06-29,Jugement de clôture pour insuffisance d'actif,Jugement de clôture
339356917,2023-06-29,Jugement d'ouverture d'une procédure de redressement judiciaire,Jugement d'ouverture
531850949,2023-06-29,Jugement de clôture pour insuffisance d'actif,Jugement de clôture
504771262,2023-06-30,Jugement de clôture pour insuffisance d'actif,Jugement de clôture
922747423,2023-07-05,Autre jugement prononçant,Jugement prononçant
400468781,2023-07-06,Autre jugement de clôture,Jugement de clôture
800658742,2023-07-06,Jugement d'ouverture de liquidation judiciaire,Jugement d'ouverture
889642377,2023-07-06,Jugement d'ouverture de liquidation judiciaire,Jugement d'ouverture
827551730,2023-07-07,Jugement d'ouverture de liquidation judiciaire,Jugement d'ouverture
849733613,2023-07-07,Jugement d'ouverture de liquidation judiciaire,Jugement d'ouverture
903098705,2023-07-07,Jugement d'ouverture de liquidation judiciaire,Jugement d'ouverture
421465600,2023-07-10,Dépôt de l'état des créances,Avis de dépôt
893716217,2023-07-10,Jugement d'ouverture d'une procédure de redressement judiciaire,Jugement d'ouverture
332440528,2023-07-11,Liste des créances nées après le jugement d'ouverture d'une procédure de liquidation judiciaire,Avis de dépôt
392782918,2023-07-11,Jugement de clôture pour insuffisance d'actif,Jugement de clôture
521041244,2023-07-13,Jugement d'ouverture d'une procédure de redressement judiciaire,Jugement d'ouverture
850217506,2023-07-13,Jugement d'ouverture d'une procédure de redressement judiciaire,Jugement d'ouverture
399697184,2023-07-18,Jugement d'ouverture de liquidation judiciaire,Jugement d'ouverture
777275520,2023-07-18,Jugement d'ouverture d'une procédure de redressement judiciaire,Jugement d'ouverture
810885954,2023-07-18,Liste des créances nées après le jugement d'ouverture d'une procédure de liquidation judiciaire,Avis de dépôt
850077975,2023-07-21,Dépôt de l'état des créances et du projet de répartition,Avis de dépôt
803024553,2023-07-26,Jugement de clôture pour insuffisance d'actif,Jugement de clôture
449738491,2023-07-27,Dépôt de l'état des créances,Avis de dépôt
812939171,2023-08-01,Jugement d'ouverture d'une procédure de redressement judiciaire,Jugement d'ouverture
839402971,2023-08-04,Jugement d'ouverture d'une procédure de redressement judiciaire,Jugement d'ouverture
333684801,2023-08-07,Dépôt de l'état des créances,Avis de dépôt
507867992,2023-08-08,Jugement de clôture pour insuffisance d'actif,Jugement de clôture
752998302,2023-09-08,Jugement d'ouverture de liquidation judiciaire,Jugement d'ouverture
888491891,2023-09-08,Jugement d'ouverture de liquidation judiciaire,Jugement d'ouverture
429778640,2023-09-12,Jugement d'ouverture d'une procédure de redressement judiciaire,Jugement d'ouverture
521783373,2023-09-12,Jugement de clôture pour extinction du passif,Jugement de clôture
827553462,2023-09-12,Dépôt de l'état des créances,Avis de dépôt
807681044,2023-09-13,Dépôt de l'état des créances,Avis de dépôt
818064834,2023-09-18,Jugement d'ouverture de liquidation judiciaire,Jugement d'ouverture
352539860,2023-09-19,Jugement d'ouverture d'une procédure de sauvegarde,Jugement d'ouverture
397846668,2023-09-21,Jugement de clôture pour insuffisance d'actif,Jugement de clôture
413755760,2023-09-21,Autre jugement et ordonnance,Extrait de jugement
797426368,2023-09-21,Jugement de clôture pour insuffisance d'actif,Jugement de clôture
831014444,2023-09-21,Jugement de clôture pour insuffisance d'actif,Jugement de clôture
888747508,2023-09-21,Jugement d'ouverture d'une procédure de redressement judiciaire,Jugement d'ouverture
388097289,2023-09-22,Jugement de clôture pour insuffisance d'actif,Jugement de clôture
423812080,2023-09-22,Jugement d'ouverture de liquidation judiciaire,Jugement d'ouverture
879937829,2023-09-22,Jugement d'ouverture de liquidation judiciaire,Jugement d'ouverture
512842196,2023-09-26,Dépôt de l'état des créances,Avis de dépôt
528922347,2023-09-26,Jugement d'ouverture d'une procédure de redressement judiciaire,Jugement d'ouverture
882606742,2023-09-26,Jugement d'ouverture de liquidation judiciaire,Jugement d'ouverture
791346612,2023-09-28,Jugement de clôture pour insuffisance d'actif,Jugement de clôture
520339375,2023-10-02,Jugement de clôture pour insuffisance d'actif,Jugement de clôture
537387318,2023-10-05,Jugement de clôture pour insuffisance d'actif,Jugement de clôture
810505180,2023-10-05,Jugement d'ouverture d'une procédure de redressement judiciaire,Jugement d'ouverture
841653728,2023-10-09,Jugement de clôture pour insuffisance d'actif,Jugement de clôture
399229483,2023-10-10,Jugement d'ouverture de liquidation judiciaire,Jugement d'ouverture
442844932,2023-10-10,Jugement d'ouverture de liquidation judiciaire,Jugement d'ouverture
448722421,2023-10-10,Jugement d'ouverture de liquidation judiciaire,Jugement d'ouverture
499684025,2023-10-10,Jugement d'ouverture de liquidation judiciaire,Jugement d'ouverture
834725020,2023-10-10,Jugement d'ouverture d'une procédure de redressement judiciaire,Jugement d'ouverture
848325742,2023-10-10,Jugement de clôture pour insuffisance d'actif,Jugement de clôture
917703514,2023-10-10,Jugement d'ouverture de liquidation judiciaire,Jugement d'ouverture
522580133,2023-10-11,Jugement de clôture pour insuffisance d'actif,Jugement de clôture
521188854,2023-10-12,Jugement d'ouverture d'une procédure de redressement judiciaire,Jugement d'ouverture
339524787,2023-10-13,Jugement d'ouverture de liquidation judiciaire,Jugement d'ouverture
822172656,2023-10-13,Jugement d'ouverture de liquidation judiciaire,Jugement d'ouverture
438863268,2023-10-18,Jugement de clôture pour insuffisance d'actif,Jugement de clôture
320302482,2023-10-19,Jugement d'ouverture de liquidation judiciaire,Jugement d'ouverture
519852552,2023-10-19,Autre jugement prononçant,Jugement prononçant
398581124,2023-10-20,Jugement d'ouverture de liquidation judiciaire,Jugement d'ouverture
409343886,2023-10-20,Jugement d'ouverture de liquidation judiciaire,Jugement d'ouverture
903672145,2023-10-20,Jugement d'ouverture de liquidation judiciaire,Jugement d'ouverture
330374539,2023-10-24,Jugement d'ouverture de liquidation judiciaire,Jugement d'ouverture
799000013,2023-10-24,Jugement d'ouverture de liquidation judiciaire,Jugement d'ouverture
882386063,2023-10-24,Autre jugement prononçant,Jugement prononçant
883545980,2023-10-27,Jugement de conversion en liquidation judiciaire,Jugement prononçant
811451277,2023-10-30,Jugement de clôture pour insuffisance d'actif,Jugement de clôture
352256382,2023-11-02,Dépôt de l'état des créances,Avis de dépôt
885385823,2023-11-06,Jugement d'ouverture de liquidation judiciaire,Jugement d'ouverture
879788917,2023-11-09,Autre jugement prononçant,Jugement prononçant
801434861,2023-11-16,Jugement de clôture pour insuffisance d'actif,Jugement de clôture
802056168,2023-11-16,Jugement d'ouverture de liquidation judiciaire,Jugement d'ouverture
880858188,2023-11-19,Dépôt de l'état des créances,Avis de dépôt
500921168,2023-11-20,Jugement d'ouverture de liquidation judiciaire,Jugement d'ouverture
530708072,2023-11-20,Dépôt de l'état des créances,Avis de dépôt
491891792,2023-11-23,Autre jugement prononçant,Jugement prononçant
316291160,2023-11-28,Autre jugement prononçant,Jugement prononçant
341931004,2023-12-01,Autre jugement et ordonnance,Extrait de jugement
778794602,2023-12-01,Dépôt de l'état des créances,Avis de dépôt
379316128,2023-12-05,Jugement de clôture pour insuffisance d'actif,Jugement de clôture
503898256,2023-12-05,Autre jugement prononçant,Jugement prononçant
529137242,2023-12-08,Jugement de clôture pour insuffisance d'actif,Jugement de clôture
889560074,2023-12-11,Jugement d'ouverture d'une procédure de redressement judiciaire,Jugement d'ouverture
352687057,2023-12-12,Jugement d'ouverture de liquidation judiciaire,Jugement d'ouverture
422530808,2023-12-12,Jugement d'ouverture d'une procédure de redressement judiciaire,Jugement d'ouverture
451393797,2023-12-12,Jugement de plan de redressement,Extrait de jugement
508169935,2023-12-12,Jugement d'ouverture de liquidation judiciaire,Jugement d'ouverture
842109852,2023-12-12,Jugement d'ouverture de liquidation judiciaire,Jugement d'ouverture
894780501,2023-12-19,Jugement d'ouverture de liquidation judiciaire,Jugement d'ouverture
391785599,2023-12-27,Liste des créances nées après le jugement d'ouverture d'une procédure de liquidation judiciaire,Avis de dépôt
484543194,2023-12-28,Dépôt de l'état des créances,Avis de dépôt
520302597,2024-01-08,Jugement d'ouverture de liquidation judiciaire,Jugement d'ouverture
803749894,2024-01-11,Jugement de clôture pour insuffisance d'actif,Jugement de clôture
494629181,2024-01-12,Jugement d'ouverture d'une procédure de redressement judiciaire,Jugement d'ouverture
783806300,2024-01-12,Jugement d'ouverture d'une procédure de redressement judiciaire,Jugement d'ouverture
802947580,2024-01-12,Jugement de clôture pour insuffisance d'actif,Jugement de clôture
827551128,2024-01-12,Jugement d'ouverture de liquidation judiciaire,Jugement d'ouverture
839027992,2024-01-12,Jugement d'ouverture d'une procédure de redressement judiciaire,Jugement d'ouverture
398320143,2024-01-15,Jugement de plan de redressement,Extrait de jugement
891160061,2024-01-15,Jugement d'ouverture d'une procédure de redressement judiciaire,Jugement d'ouverture
511554545,2024-01-18,Jugement d'ouverture de liquidation judiciaire,Jugement d'ouverture
894997717,2024-01-18,Jugement d'ouverture de liquidation judiciaire,Jugement d'ouverture
479647547,2024-01-19,Jugement d'ouverture de liquidation judiciaire,Jugement d'ouverture
776115321,2024-01-19,Jugement de clôture pour insuffisance d'actif,Jugement de clôture
782937783,2024-01-19,Autre jugement et ordonnance,Extrait de jugement
339502361,2024-01-23,Jugement d'ouverture de liquidation judiciaire,Jugement d'ouverture
380105262,2024-01-23,Jugement d'ouverture d'une procédure de redressement judiciaire,Jugement d'ouverture
811081702,2024-01-24,Jugement d'ouverture de liquidation judiciaire,Jugement d'ouverture
786429266,2024-01-25,Jugement d'ouverture de liquidation judiciaire,Jugement d'ouverture
315948729,2024-02-01,Jugement de clôture pour insuffisance d'actif,Jugement de clôture
531116283,2024-02-01,Jugement de clôture pour insuffisance d'actif,Jugement de clôture
803143023,2024-02-01,Jugement de clôture pour insuffisance d'actif,Jugement de clôture
822111662,2024-02-01,Jugement de clôture pour insuffisance d'actif,Jugement de clôture
887789154,2024-02-01,Jugement de clôture pour insuffisance d'actif,Jugement de clôture
335036281,2024-02-02,Jugement d'ouverture d'une procédure de redressement judiciaire,Jugement d'ouverture
503068769,2024-02-02,Jugement de clôture pour insuffisance d'actif,Jugement de clôture
807387980,2024-02-06,Jugement de clôture pour insuffisance d'actif,Jugement de clôture
334667540,2024-02-09,Jugement d'ouverture d'une procédure de redressement judiciaire,Jugement d'ouverture
918501784,2024-02-19,Jugement d'ouverture de liquidation judiciaire,Jugement d'ouverture
904748803,2024-02-21,Jugement d'ouverture de liquidation judiciaire,Jugement d'ouverture
384489621,2024-02-29,Jugement de clôture pour insuffisance d'actif,Jugement de clôture
824842496,2024-02-29,Jugement d'ouverture de liquidation judiciaire,Jugement d'ouverture
923591218,2024-02-29,Jugement d'ouverture de liquidation judiciaire,Jugement d'ouverture
311471841,2024-03-07,Jugement d'ouverture d'une procédure de sauvegarde,Jugement d'ouverture
888408317,2024-03-07,Jugement d'ouverture de liquidation judiciaire,Jugement d'ouverture
392775094,2024-03-12,Jugement d'ouverture d'une procédure de sauvegarde,Jugement d'ouverture
530023340,2024-03-12,Jugement de clôture pour insuffisance d'actif,Jugement de clôture
879311231,2024-03-12,Jugement d'ouverture d'une procédure de redressement judiciaire,Jugement d'ouverture
908885973,2024-03-12,Jugement d'ouverture d'une procédure de redressement judiciaire,Jugement d'ouverture
493721344,2024-03-13,Autre jugement prononçant,Jugement prononçant
414678664,2024-03-14,Jugement d'ouverture d'une procédure de redressement judiciaire,Jugement d'ouverture
902275338,2024-03-14,Jugement d'ouverture de liquidation judiciaire,Jugement d'ouverture
424258168,2024-03-18,Jugement d'ouverture de liquidation judiciaire,Jugement d'ouverture
812959195,2024-03-18,Jugement d'ouverture de liquidation judiciaire,Jugement d'ouverture
841693203,2024-03-18,Jugement d'ouverture d'une procédure de redressement judiciaire,Jugement d'ouverture
342318193,2024-03-19,Dépôt de l'état des créances,Avis de dépôt
389748922,2024-03-20,Jugement de clôture pour insuffisance d'actif,Jugement de clôture
314694977,2024-03-21,Jugement modifiant le plan de redressement,Extrait de jugement
378591366,2024-03-21,Jugement d'ouverture d'une procédure de redressement judiciaire,Jugement d'ouverture
441722261,2024-03-21,Autre jugement prononçant,Jugement prononçant
448319301,2024-03-21,Jugement de clôture pour insuffisance d'actif,Jugement de clôture
792693988,2024-03-21,Jugement d'ouverture de liquidation judiciaire,Jugement d'ouverture
879748739,2024-03-21,Jugement d'ouverture de liquidation judiciaire,Jugement d'ouverture
438783698,2024-03-22,Autre jugement de clôture,Jugement de clôture
900568668,2024-03-22,Jugement d'ouverture de liquidation judiciaire,Jugement d'ouverture
432970622,2024-03-24,Dépôt de l'état des créances,Avis de dépôt
403014012,2024-03-26,Dépôt de l'état des créances,Avis de dépôt
844153817,2024-03-27,Jugement d'ouverture de liquidation judiciaire,Jugement d'ouverture
491576906,2024-04-02,Jugement de conversion en liquidation judiciaire,Jugement prononçant
378985030,2024-04-04,Jugement d'ouverture de liquidation judiciaire,Jugement d'ouverture
390435493,2024-04-04,Jugement d'ouverture de liquidation judiciaire,Jugement d'ouverture
822701785,2024-04-04,Jugement d'ouverture de liquidation judiciaire,Jugement d'ouverture
921761490,2024-04-04,Jugement d'ouverture de liquidation judiciaire,Jugement d'ouverture
518224951,2024-04-05,Jugement de clôture pour insuffisance d'actif,Jugement de clôture
531632354,2024-04-05,Jugement d'ouverture de liquidation judiciaire,Jugement d'ouverture
779972876,2024-04-05,Jugement d'ouverture d'une procédure de redressement judiciaire,Jugement d'ouverture
511539314,2024-04-09,Jugement d'ouverture de liquidation judiciaire,Jugement d'ouverture
505221721,2024-04-11,Jugement d'ouverture d'une procédure de redressement judiciaire,Jugement d'ouverture
535308498,2024-04-11,Jugement d'ouverture d'une procédure de redressement judiciaire,Jugement d'ouverture
308529288,2024-04-12,Dépôt de l'état des créances,Avis de dépôt
443102231,2024-04-12,Jugement d'ouverture d'une procédure de redressement judiciaire,Jugement d'ouverture
830050498,2024-04-12,Jugement de clôture pour insuffisance d'actif,Jugement de clôture
903773489,2024-04-12,Jugement d'ouverture d'une procédure de redressement judiciaire,Jugement d'ouverture
330648619,2024-04-15,Jugement de clôture pour insuffisance d'actif,Jugement de clôture
397619057,2024-04-15,Jugement de clôture pour insuffisance d'actif,Jugement de clôture
422123596,2024-04-15,Jugement d'ouverture de liquidation judiciaire,Jugement d'ouverture
793856998,2024-04-15,Jugement de clôture pour insuffisance d'actif,Jugement de clôture
823306584,2024-04-15,Jugement de clôture pour insuffisance d'actif,Jugement de clôture
833679269,2024-04-16,Jugement de clôture pour insuffisance d'actif,Jugement de clôture
539301507,2024-04-17,Jugement de clôture pour insuffisance d'actif,Jugement de clôture
786463034,2024-04-18,Jugement de clôture pour insuffisance d'actif,Jugement de clôture
950382796,2024-04-18,Jugement de plan de redressement,Extrait de jugement
432917029,2024-04-19,Jugement de clôture pour insuffisance d'actif,Jugement de clôture
791746423,2024-04-23,Autre jugement prononçant,Jugement prononçant
798336665,2024-04-23,Jugement de clôture pour insuffisance d'actif,Jugement de clôture
394895569,2024-04-25,Autre jugement de clôture,Jugement de clôture
789942786,2024-04-25,Autre jugement prononçant,Jugement prononçant
834294894,2024-04-25,Jugement d'ouverture de liquidation judiciaire,Jugement d'ouverture
879134203,2024-04-26,Dépôt de l'état des créances,Avis de dépôt
501267827,2024-04-29,Jugement d'ouverture d'une procédure de redressement judiciaire,Jugement d'ouverture
818470080,2024-05-02,Autre jugement prononçant,Jugement prononçant
822349809,2024-05-02,Jugement de clôture pour insuffisance d'actif,Jugement de clôture
339824450,2024-05-03,Jugement d'ouverture de liquidation judiciaire,Jugement d'ouverture
432504330,2024-05-03,Dépôt de l'état des créances,Avis de dépôt
883982720,2024-05-03,Jugement d'ouverture d'une procédure de redressement judiciaire,Jugement d'ouverture
402685069,2024-05-13,Jugement de clôture pour insuffisance d'actif,Jugement de clôture
812401701,2024-05-14,Jugement de clôture pour insuffisance d'actif,Jugement de clôture
779639202,2024-05-16,Jugement arrêtant un plan de cession,Extrait de jugement
813496072,2024-05-16,Jugement de clôture pour insuffisance d'actif,Jugement de clôture
490108925,2024-05-17,Jugement d'ouverture d'une procédure de sauvegarde,Jugement d'ouverture
507658151,2024-05-17,Jugement d'ouverture de liquidation judiciaire,Jugement d'ouverture
531945566,2024-05-17,Jugement d'ouverture d'une procédure de redressement judiciaire,Jugement d'ouverture
802297796,2024-05-17,Jugement d'ouverture de liquidation judiciaire,Jugement d'ouverture
900481300,2024-05-17,Jugement de conversion en liquidation judiciaire,Jugement prononçant
752692657,2024-05-21,Jugement d'ouverture de liquidation judiciaire,Jugement d'ouverture
383465465,2024-05-22,Jugement d'ouverture de liquidation judiciaire,Jugement d'ouverture
783937907,2024-05-22,Jugement de clôture pour extinction du passif,Jugement de clôture
804088631,2024-05-23,Jugement d'ouverture d'une procédure de redressement judiciaire,Jugement d'ouverture
394533541,2024-05-24,Jugement d'ouverture de liquidation judiciaire,Jugement d'ouverture
538236530,2024-05-24,Jugement de clôture pour insuffisance d'actif,Jugement de clôture
892069782,2024-05-24,Autre jugement prononçant,Jugement prononçant
348658030,2024-05-28,Jugement d'ouverture d'une procédure de redressement judiciaire,Jugement d'ouverture
423027598,2024-05-28,Jugement d'ouverture d'une procédure de redressement judiciaire,Jugement d'ouverture
829064773,2024-05-28,Jugement de conversion en liquidation judiciaire,Jugement prononçant
414052753,2024-05-29,Jugement de conversion en liquidation judiciaire,Jugement prononçant
418376760,2024-05-29,Jugement d'ouverture d'une procédure de sauvegarde,Jugement d'ouverture
443424957,2024-06-03,Dépôt de l'état des créances,Avis de dépôt
800901761,2024-06-06,Jugement de clôture pour insuffisance d'actif,Jugement de clôture
442505533,2024-06-13,Autre jugement prononçant,Jugement prononçant
326712841,2024-06-17,Autre jugement et ordonnance,Extrait de jugement
829822162,2024-06-17,Jugement d'ouverture de liquidation judiciaire,Jugement d'ouverture
498853639,2024-06-18,Liste des créances nées après le jugement d'ouverture d'une procédure de liquidation judiciaire,Avis de dépôt
505064717,2024-06-18,Jugement d'ouverture d'une procédure de sauvegarde,Jugement d'ouverture
417893351,2024-06-20,Autre jugement prononçant,Jugement prononçant
751207564,2024-06-20,Autre jugement prononçant,Jugement prononçant
784579807,2024-06-20,Jugement de clôture pour insuffisance d'actif,Jugement de clôture
401344247,2024-06-21,Jugement d'ouverture de liquidation judiciaire,Jugement d'ouverture
534998844,2024-06-21,Autre jugement prononçant,Jugement prononçant
433521960,2024-06-25,Jugement de conversion en liquidation judiciaire,Jugement prononçant
485387781,2024-06-27,Jugement d'ouverture de liquidation judiciaire,Jugement d'ouverture
802794362,2024-06-27,Jugement d'ouverture de liquidation judiciaire,Jugement d'ouverture
532449626,2024-06-28,Jugement de clôture pour insuffisance d'actif,Jugement de clôture
853445997,2024-06-28,Jugement d'ouverture d'une procédure de redressement judiciaire,Jugement d'ouverture
903446821,2024-06-28,Jugement d'ouverture d'une procédure de redressement judiciaire,Jugement d'ouverture
409768942,2024-07-01,Jugement de clôture pour insuffisance d'actif,Jugement de clôture
414309732,2024-07-01,Jugement d'ouverture de liquidation judiciaire,Jugement d'ouverture
791079858,2024-07-02,Autre jugement prononçant,Jugement prononçant
904320777,2024-07-03,Jugement d'ouverture de liquidation judiciaire,Jugement d'ouverture
378368468,2024-07-04,Jugement de clôture pour extinction du passif,Jugement de clôture
424040863,2024-07-04,Autre jugement prononçant,Jugement prononçant
325559870,2024-07-05,Jugement de clôture pour insuffisance d'actif,Jugement de clôture
414247965,2024-07-05,Jugement d'ouverture de liquidation judiciaire,Jugement d'ouverture
423659390,2024-07-05,Jugement d'ouverture de liquidation judiciaire,Jugement d'ouverture
905189114,2024-07-11,Autre jugement prononçant,Jugement prononçant
383227170,2024-07-18,Jugement de clôture pour extinction du passif,Jugement de clôture
531140226,2024-07-18,Autre jugement prononçant,Jugement prononçant
808279947,2024-07-18,Autre jugement prononçant,Jugement prononçant
379981913,2024-07-26,Autre jugement prononçant,Jugement prononçant
513263855,2024-07-30,Liste des créances nées après le jugement d'ouverture d'une procédure de liquidation judiciaire,Avis de dépôt
808210645,2024-08-01,Jugement d'ouverture de liquidation judiciaire,Jugement d'ouverture
776951436,2024-08-02,Jugement arrêtant le plan de sauvegarde,Extrait de jugement
802925396,2024-08-02,Jugement de clôture pour insuffisance d'actif,Jugement de clôture
902494665,2024-08-10,Jugement d'ouverture de liquidation judiciaire,Jugement d'ouverture
390550408,2024-08-21,Autre jugement et ordonnance,Extrait de jugement
822492104,2024-08-27,Jugement d'ouverture de liquidation judiciaire,Jugement d'ouverture
778176792,2024-09-04,Dépôt de l'état des créances,Avis de dépôt
751471905,2024-09-05,Jugement de clôture pour insuffisance d'actif,Jugement de clôture
842990061,2024-09-06,Jugement de conversion en liquidation judiciaire,Jugement prononçant
323684365,2024-09-09,Jugement d'ouverture de liquidation judiciaire,Jugement d'ouverture
403384100,2024-09-09,Jugement modifiant le plan de redressement,Extrait de jugement
405049420,2024-09-13,Jugement d'ouverture d'une procédure de redressement judiciaire,Jugement d'ouverture
811798065,2024-09-13,Jugement d'ouverture d'une procédure de redressement judiciaire,Jugement d'ouverture
431700103,2024-09-16,Jugement d'ouverture d'une procédure de sauvegarde,Jugement d'ouverture
450709720,2024-09-17,Jugement de clôture pour insuffisance d'actif,Jugement de clôture
844691048,2024-09-17,Jugement d'ouverture de liquidation judiciaire,Jugement d'ouverture
750409492,2024-09-18,Jugement de clôture pour insuffisance d'actif,Jugement de clôture
820372936,2024-09-18,Jugement d'ouverture de liquidation judiciaire,Jugement d'ouverture
832389258,2024-09-18,Jugement d'ouverture de liquidation judiciaire,Jugement d'ouverture
878310689,2024-09-18,Jugement d'ouverture de liquidation judiciaire,Jugement d'ouverture
878682913,2024-09-18,Jugement d'ouverture de liquidation judiciaire,Jugement d'ouverture
393563119,2024-09-19,Dépôt de l'état des créances,Avis de dépôt
909284739,2024-09-23,Jugement d'ouverture d'une procédure de redressement judiciaire,Jugement d'ouverture
334955523,2024-09-24,Jugement d'ouverture d'une procédure de redressement judiciaire,Jugement d'ouverture
379077175,2024-09-24,Jugement d'ouverture de liquidation judiciaire,Jugement d'ouverture
422979005,2024-09-24,Jugement d'ouverture d'une procédure de sauvegarde,Jugement d'ouverture
523739332,2024-09-24,Jugement de clôture pour insuffisance d'actif,Jugement de clôture
888034576,2024-09-24,Jugement d'ouverture de liquidation judiciaire,Jugement d'ouverture
392336335,2024-09-27,Jugement d'ouverture de liquidation judiciaire,Jugement d'ouverture
424979060,2024-09-30,Autre jugement et ordonnance,Extrait de jugement
453359960,2024-09-30,Jugement d'ouverture d'une procédure de redressement judiciaire,Jugement d'ouverture
328140751,2024-10-01,Jugement d'ouverture d'une procédure de redressement judiciaire,Jugement d'ouverture
892151192,2024-10-02,Dépôt de l'état des créances,Avis de dépôt
508355245,2024-10-03,Jugement d'ouverture d'une procédure de redressement judiciaire,Jugement d'ouverture
838333151,2024-10-03,Jugement d'ouverture de liquidation judiciaire,Jugement d'ouverture
325001105,2024-10-04,Jugement d'ouverture d'une procédure de sauvegarde,Jugement d'ouverture
421723800,2024-10-04,Jugement d'ouverture de liquidation judiciaire,Jugement d'ouverture
775624737,2024-10-04,Autre jugement prononçant,Jugement prononçant
809824089,2024-10-07,Autre jugement prononçant,Jugement prononçant
799774328,2024-10-09,Jugement d'ouverture d'une procédure de sauvegarde,Jugement d'ouverture
329416473,2024-10-10,Jugement de clôture pour insuffisance d'actif,Jugement de clôture
914887567,2024-10-10,Dépôt de l'état des créances,Avis de dépôt
328180096,2024-10-11,Autre jugement prononçant,Jugement prononçant
803778869,2024-10-11,Autre jugement prononçant,Jugement prononçant
421007568,2024-10-14,Jugement d'ouverture d'une procédure de redressement judiciaire,Jugement d'ouverture
782151732,2024-10-14,Jugement d'ouverture de liquidation judiciaire,Jugement d'ouverture
789401205,2024-10-14,Dépôt de l'état des créances,Avis de dépôt
411147176,2024-10-15,Jugement d'ouverture de liquidation judiciaire,Jugement d'ouverture
488794868,2024-10-15,Jugement de plan de redressement,Extrait de jugement
775611767,2024-10-15,Jugement de clôture pour insuffisance d'actif,Jugement de clôture
924922776,2024-10-15,Jugement d'ouverture de liquidation judiciaire,Jugement d'ouverture
812686491,2024-10-16,Jugement d'ouverture de liquidation judiciaire,Jugement d'ouverture
311247977,2024-10-17,Jugement d'ouverture de liquidation judiciaire,Jugement d'ouverture
380223685,2024-10-17,Jugement d'ouverture de liquidation judiciaire,Jugement d'ouverture
394343636,2024-10-17,Jugement arrêtant le plan de sauvegarde,Extrait de jugement
528988009,2024-10-17,Jugement d'ouverture de liquidation judiciaire,Jugement d'ouverture
524724606,2024-10-21,Jugement d'ouverture d'une procédure de redressement judiciaire,Jugement d'ouverture
480992908,2024-10-22,Dépôt de l'état des créances,Avis de dépôt
490533262,2024-10-22,Jugement d'ouverture de liquidation judiciaire,Jugement d'ouverture
488843376,2024-10-24,Jugement d'ouverture d'une procédure de redressement judiciaire,Jugement d'ouverture
775695844,2024-10-24,Jugement d'ouverture d'une procédure de redressement judiciaire,Jugement d'ouverture
379986417,2024-10-29,Jugement d'ouverture de liquidation judiciaire,Jugement d'ouverture
392694014,2024-10-30,Jugement d'ouverture d'une procédure de sauvegarde,Jugement d'ouverture
503914327,2024-10-31,Jugement d'ouverture de liquidation judiciaire,Jugement d'ouverture
798572236,2024-10-31,Jugement d'ouverture d'une procédure de sauvegarde,Jugement d'ouverture
804006609,2024-10-31,Autre jugement prononçant,Jugement prononçant
923758247,2024-11-04,Jugement d'ouverture d'une procédure de redressement judiciaire,Jugement d'ouverture
893819367,2024-11-07,Jugement d'ouverture d'une procédure de redressement judiciaire,Jugement d'ouverture
902675560,2024-11-07,Jugement d'ouverture de liquidation judiciaire,Jugement d'ouverture
522206408,2024-11-08,Jugement d'ouverture d'une procédure de redressement judiciaire,Jugement d'ouverture
405167438,2024-11-12,Jugement d'ouverture d'une procédure de redressement judiciaire,Jugement d'ouverture
434919098,2024-11-12,Jugement d'ouverture de liquidation judiciaire,Jugement d'ouverture
839268547,2024-11-12,Jugement de plan de redressement,Extrait de jugement
438544207,2024-11-14,Jugement d'ouverture d'une procédure de redressement judiciaire,Jugement d'ouverture
804532117,2024-11-14,Jugement d'ouverture d'une procédure de redressement judiciaire,Jugement d'ouverture
429104888,2024-11-15,Jugement d'ouverture d'une procédure de redressement judiciaire,Jugement d'ouverture
443178223,2024-11-15,Jugement d'ouverture d'une procédure de redressement judiciaire,Jugement d'ouverture
329571236,2024-11-18,Jugement de clôture pour insuffisance d'actif,Jugement de clôture
802490888,2024-11-18,Jugement d'ouverture d'une procédure de redressement judiciaire,Jugement d'ouverture
327167508,2024-11-21,Jugement d'ouverture de liquidation judiciaire,Jugement d'ouverture
752766808,2024-11-26,Jugement d'ouverture d'une procédure de redressement judiciaire,Jugement d'ouverture
902459346,2024-11-26,Jugement d'ouverture de liquidation judiciaire,Jugement d'ouverture
922088851,2024-11-26,Jugement d'ouverture de liquidation judiciaire,Jugement d'ouverture
837659309,2024-11-27,Jugement d'ouverture de liquidation judiciaire,Jugement d'ouverture
843061649,2024-11-27,Jugement d'ouverture de liquidation judiciaire,Jugement d'ouverture
849443270,2024-11-27,Jugement d'ouverture de liquidation judiciaire,Jugement d'ouverture
849087333,2024-11-28,Jugement d'ouverture de liquidation judiciaire,Jugement d'ouverture
531947331,2024-12-04,Dépôt de l'état des créances,Avis de dépôt
445104565,2024-12-05,Jugement de clôture pour insuffisance d'actif,Jugement de clôture
502623283,2024-12-06,Jugement d'ouverture d'une procédure de redressement judiciaire,Jugement d'ouverture
750098584,2024-12-06,Jugement de clôture pour insuffisance d'actif,Jugement de clôture
802323915,2024-12-06,Autre jugement prononçant,Jugement prononçant
881233845,2024-12-06,Jugement de clôture pour insuffisance d'actif,Jugement de clôture
814826400,2024-12-12,Jugement d'ouverture de liquidation judiciaire,Jugement d'ouverture
412259087,2024-12-17,Jugement de clôture pour insuffisance d'actif,Jugement de clôture
798848586,2024-12-18,Jugement d'ouverture d'une procédure de redressement judiciaire,Jugement d'ouverture
311594089,2024-12-19,Jugement d'ouverture de liquidation judiciaire,Jugement d'ouverture
751081613,2024-12-20,Jugement d'ouverture d'une procédure de redressement judiciaire,Jugement d'ouverture
814179412,2024-12-20,Jugement d'ouverture de liquidation judiciaire,Jugement d'ouverture
824652929,2024-12-20,Jugement d'ouverture de liquidation judiciaire,Jugement d'ouverture
433318607,2024-12-27,Jugement d'ouverture de liquidation judiciaire,Jugement d'ouverture
824185052,2024-12-27,Jugement de conversion en redressement judiciaire de la procédure de sauvegarde,Jugement prononçant
437907280,2025-01-09,Jugement de clôture pour insuffisance d'actif,Jugement de clôture
538077330,2025-01-09,Jugement d'ouverture de liquidation judiciaire,Jugement d'ouverture
814641247,2025-01-09,Jugement d'ouverture d'une procédure de redressement judiciaire,Jugement d'ouverture
921595831,2025-01-09,Autre jugement prononçant,Jugement prononçant
877702290,2025-01-13,Jugement d'ouverture d'une procédure de redressement judiciaire,Jugement d'ouverture
830792685,2025-01-14,Jugement de clôture pour insuffisance d'actif,Jugement de clôture
502118870,2025-01-15,Jugement d'ouverture de liquidation judiciaire,Jugement d'ouverture
412859670,2025-01-16,Jugement modifiant le plan de redressement,Extrait de jugement
519850283,2025-01-17,Jugement d'ouverture de liquidation judiciaire,Jugement d'ouverture
914173158,2025-01-21,Jugement d'ouverture d'une procédure de redressement judiciaire,Jugement d'ouverture
834760464,2025-01-22,Jugement d'ouverture de liquidation judiciaire,Jugement d'ouverture
851796607,2025-01-22,Jugement d'ouverture de liquidation judiciaire,Jugement d'ouverture
317556819,2025-01-23,Jugement d'ouverture d'une procédure de redressement judiciaire,Jugement d'ouverture
512635301,2025-01-23,Jugement de clôture pour insuffisance d'actif,Jugement de clôture
528790751,2025-01-23,Jugement de clôture pour insuffisance d'actif,Jugement de clôture
402517049,2025-01-27,Jugement de clôture pour insuffisance d'actif,Jugement de clôture
483934782,2025-01-28,Jugement de clôture pour insuffisance d'actif,Jugement de clôture
842796641,2025-01-28,Jugement d'ouverture de liquidation judiciaire,Jugement d'ouverture
842796716,2025-01-28,Jugement d'ouverture de liquidation judiciaire,Jugement d'ouverture
344952817,2025-01-31,Jugement d'ouverture de liquidation judiciaire,Jugement d'ouverture
538479130,2025-02-03,Dépôt de l'état des créances,Avis de dépôt
811697630,2025-02-03,Jugement d'ouverture de liquidation judiciaire,Jugement d'ouverture
334536414,2025-02-05,Jugement d'ouverture de liquidation judiciaire,Jugement d'ouverture
408220721,2025-02-06,Jugement d'ouverture de liquidation judiciaire,Jugement d'ouverture
801210311,2025-02-07,Jugement d'ouverture d'une procédure de redressement judiciaire,Jugement d'ouverture
815311378,2025-02-07,Jugement d'ouverture de liquidation judiciaire,Jugement d'ouverture
884682246,2025-02-12,Jugement d'ouverture de liquidation judiciaire,Jugement d'ouverture
409161486,2025-02-13,Jugement d'ouverture de liquidation judiciaire,Jugement d'ouverture
435051321,2025-02-13,Jugement de clôture pour insuffisance d'actif,Jugement de clôture
789278967,2025-02-13,Jugement d'ouverture de liquidation judiciaire,Jugement d'ouverture
842819823,2025-02-13,Autre jugement prononçant,Jugement prononçant
907925572,2025-02-13,Jugement d'ouverture d'une procédure de redressement judiciaire,Jugement d'ouverture
394915177,2025-02-18,Autre jugement prononçant,Jugement prononçant
439089319,2025-02-18,Jugement d'ouverture de liquidation judiciaire,Jugement d'ouverture
813199502,2025-02-20,Jugement de clôture pour insuffisance d'actif,Jugement de clôture
831619440,2025-02-20,Jugement d'ouverture de liquidation judiciaire,Jugement d'ouverture
924405897,2025-02-20,Jugement d'ouverture d'une procédure de redressement judiciaire,Jugement d'ouverture
421576422,2025-02-21,Jugement d'ouverture d'une procédure de redressement judiciaire,Jugement d'ouverture
888990694,2025-02-24,Jugement de clôture pour insuffisance d'actif,Jugement de clôture
922864509,2025-02-24,Jugement d'ouverture de liquidation judiciaire,Jugement d'ouverture
438253296,2025-02-25,Jugement d'ouverture d'une procédure de redressement judiciaire,Jugement d'ouverture
820686376,2025-02-25,Jugement d'ouverture de liquidation judiciaire,Jugement d'ouverture
841845977,2025-02-25,Jugement de clôture pour insuffisance d'actif,Jugement de clôture
414603480,2025-02-26,Jugement de conversion en liquidation judiciaire,Jugement prononçant
802555094,2025-02-27,Jugement d'ouverture de liquidation judiciaire,Jugement d'ouverture
822824306,2025-02-27,Jugement de conversion en liquidation judiciaire,Jugement prononçant
839332368,2025-02-28,Jugement d'ouverture d'une procédure de redressement judiciaire,Jugement d'ouverture
384442000,2025-03-05,Dépôt de l'état des créances,Avis de dépôt
324045038,2025-03-06,Jugement d'ouverture de liquidation judiciaire,Jugement d'ouverture
409031184,2025-03-06,Autre jugement prononçant,Jugement prononçant
479851461,2025-03-06,Jugement d'ouverture d'une procédure de redressement judiciaire,Jugement d'ouverture
798325296,2025-03-06,Jugement d'ouverture d'une procédure de redressement judiciaire,Jugement d'ouverture
345093249,2025-03-07,Jugement d'ouverture d'une procédure de redressement judiciaire,Jugement d'ouverture
431886423,2025-03-07,Jugement d'ouverture d'une procédure de redressement judiciaire,Jugement d'ouverture
393446612,2025-03-10,Jugement arrêtant un plan de cession,Extrait de jugement
399845114,2025-03-11,Jugement d'ouverture d'une procédure de redressement judiciaire,Jugement d'ouverture
413750522,2025-03-11,Jugement d'ouverture d'une procédure de redressement judiciaire,Jugement d'ouverture
800979601,2025-03-11,Jugement d'ouverture de liquidation judiciaire,Jugement d'ouverture
814469953,2025-03-11,Jugement de conversion en liquidation judiciaire,Jugement prononçant
900939992,2025-03-11,Jugement de clôture pour insuffisance d'actif,Jugement de clôture
391157765,2025-03-13,Jugement d'ouverture de liquidation judiciaire,Jugement d'ouverture
884417064,2025-03-13,Jugement d'ouverture de liquidation judiciaire,Jugement d'ouverture
923593677,2025-03-13,Autre jugement prononçant,Jugement prononçant
433298387,2025-03-14,Autre jugement et ordonnance,Extrait de jugement
912727039,2025-03-14,Dépôt de l'état des créances,Avis de dépôt
489860429,2025-03-17,Jugement de clôture pour insuffisance d'actif,Jugement de clôture
502244288,2025-03-20,Dépôt de l'état des créances,Avis de dépôt
344966452,2025-03-21,Jugement de conversion en liquidation judiciaire,Jugement prononçant
810543751,2025-03-25,Jugement d'ouverture d'une procédure de redressement judiciaire,Jugement d'ouverture
850872995,2025-03-25,Jugement d'ouverture de liquidation judiciaire,Jugement d'ouverture
912011509,2025-03-25,Jugement d'ouverture de liquidation judiciaire,Jugement d'ouverture
306129107,2025-03-26,Jugement de clôture pour insuffisance d'actif,Jugement de clôture
838398543,2025-03-27,Jugement d'ouverture de liquidation judiciaire,Jugement d'ouverture
838883130,2025-03-27,Jugement d'ouverture d'une procédure de redressement judiciaire,Jugement d'ouverture
391192077,2025-03-28,Jugement d'ouverture d'une procédure de redressement judiciaire,Jugement d'ouverture
323299883,2025-03-31,Jugement d'ouverture d'une procédure de redressement judiciaire,Jugement d'ouverture
510064744,2025-03-31,Autre jugement et ordonnance,Extrait de jugement
834982126,2025-03-31,Jugement d'ouverture de liquidation judiciaire,Jugement d'ouverture
852505320,2025-03-31,Autre jugement prononçant,Jugement prononçant
380305391,2025-04-01,Dépôt de l'état des créances,Avis de dépôt
785947979,2025-04-01,Autre jugement prononçant,Jugement prononçant
331916239,2025-04-04,Jugement d'ouverture de liquidation judiciaire,Jugement d'ouverture
349020313,2025-04-04,Jugement d'ouverture de liquidation judiciaire,Jugement d'ouverture
805099033,2025-04-04,Jugement d'ouverture d'une procédure de redressement judiciaire,Jugement d'ouverture
884970435,2025-04-04,Jugement d'ouverture d'une procédure de redressement judiciaire,Jugement d'ouverture
902932284,2025-04-04,Jugement d'ouverture de liquidation judiciaire,Jugement d'ouverture
508842713,2025-04-07,Jugement de clôture pour insuffisance d'actif,Jugement de clôture
882932403,2025-04-08,Jugement d'ouverture de liquidation judiciaire,Jugement d'ouverture
790023469,2025-04-09,Jugement d'ouverture de liquidation judiciaire,Jugement d'ouverture
813603958,2025-04-10,Jugement de clôture pour insuffisance d'actif,Jugement de clôture
912720588,2025-04-10,Jugement d'extension de liquidation judiciaire,Jugement d'ouverture
408761005,2025-04-11,Jugement d'ouverture de liquidation judiciaire,Jugement d'ouverture
888733912,2025-04-11,Jugement d'ouverture de liquidation judiciaire,Jugement d'ouverture
888779113,2025-04-15,Autre jugement prononçant,Jugement prononçant
451401954,2025-04-17,Jugement de clôture pour insuffisance d'actif,Jugement de clôture
814079166,2025-04-17,Jugement de clôture pour insuffisance d'actif,Jugement de clôture
391040672,2025-04-22,Autre jugement et ordonnance,Extrait de jugement
487842098,2025-04-25,Jugement d'ouverture de liquidation judiciaire,Jugement d'ouverture
901640920,2025-04-25,Jugement d'ouverture de liquidation judiciaire,Jugement d'ouverture
913022034,2025-04-25,Dépôt de l'état des créances,Avis de dépôt
923606834,2025-04-28,Autre jugement de clôture,Jugement de clôture
507925543,2025-04-29,Dépôt de l'état des créances,Avis de dépôt
538650698,2025-04-30,Jugement d'ouverture d'une procédure de redressement judiciaire,Jugement d'ouverture
390223840,2025-05-06,Jugement d'ouverture de liquidation judiciaire,Jugement d'ouverture
482904299,2025-05-09,Jugement d'ouverture de liquidation judiciaire,Jugement d'ouverture
890285505,2025-05-14,Jugement d'ouverture d'une procédure de redressement judiciaire,Jugement d'ouverture
305240681,2025-05-15,Jugement de clôture pour insuffisance d'actif,Jugement de clôture
877894907,2025-05-15,Dépôt de l'état des créances,Avis de dépôt
884639402,2025-05-16,Jugement de clôture pour insuffisance d'actif,Jugement de clôture
775662885,2025-05-20,Jugement d'ouverture de liquidation judiciaire,Jugement d'ouverture
439482340,2025-05-22,Autre jugement prononçant,Jugement prononçant
923384325,2025-05-23,Jugement d'ouverture de liquidation judiciaire,Jugement d'ouverture
431414895,2025-05-26,Dépôt de l'état des créances,Avis de dépôt
429830409,2025-05-27,Jugement de clôture pour extinction du passif,Jugement de clôture
434411989,2025-05-27,Jugement d'ouverture d'une procédure de redressement judiciaire,Jugement d'ouverture
535208052,2025-05-28,Jugement d'ouverture de liquidation judiciaire,Jugement d'ouverture
303697940,2025-06-03,Autre jugement et ordonnance,Extrait de jugement
488916818,2025-06-03,Jugement d'extension de liquidation judiciaire,Jugement d'ouverture
518911623,2025-06-04,Jugement d'ouverture de liquidation judiciaire,Jugement d'ouverture
838188217,2025-06-04,Jugement d'ouverture d'une procédure de redressement judiciaire,Jugement d'ouverture
501264816,2025-06-05,Jugement d'ouverture de liquidation judiciaire,Jugement d'ouverture
782181002,2025-06-05,Jugement de clôture pour insuffisance d'actif,Jugement de clôture
323305805,2025-06-06,Jugement d'ouverture de liquidation judiciaire,Jugement d'ouverture
505179218,2025-06-06,Jugement d'ouverture de liquidation judiciaire,Jugement d'ouverture
484554530,2025-06-11,Jugement d'ouverture d'une procédure de redressement judiciaire,Jugement d'ouverture
440077071,2025-06-12,Autre jugement prononçant,Jugement prononçant
522678507,2025-06-12,Autre jugement prononçant,Jugement prononçant
352914071,2025-06-13,Jugement de clôture pour insuffisance d'actif,Jugement de clôture
481657195,2025-06-13,Jugement de clôture pour insuffisance d'actif,Jugement de clôture
530879683,2025-06-13,Jugement d'ouverture de liquidation judiciaire,Jugement d'ouverture
829452200,2025-06-16,Jugement d'ouverture de liquidation judiciaire,Jugement d'ouverture
789377900,2025-06-17,Autre jugement prononçant,Jugement prononçant
814595633,2025-06-19,Jugement d'ouverture d'une procédure de redressement judiciaire,Jugement d'ouverture
817797624,2025-06-19,Jugement d'ouverture d'une procédure de redressement judiciaire,Jugement d'ouverture
822369773,2025-06-19,Jugement d'ouverture d'une procédure de redressement judiciaire,Jugement d'ouverture
828838540,2025-06-19,Jugement d'ouverture d'une procédure de redressement judiciaire,Jugement d'ouverture
890148794,2025-06-19,Jugement d'ouverture d'une procédure de redressement judiciaire,Jugement d'ouverture
421027848,2025-06-20,Jugement de clôture pour insuffisance d'actif,Jugement de clôture
478692080,2025-06-23,Jugement de conversion en liquidation judiciaire,Jugement prononçant
332865906,2025-06-24,Jugement d'ouverture d'une procédure de redressement judiciaire,Jugement d'ouverture
528382989,2025-06-24,Jugement d'ouverture d'une procédure de redressement judiciaire,Jugement d'ouverture
812973956,2025-06-24,Jugement d'ouverture d'une procédure de redressement judiciaire,Jugement d'ouverture
904517976,2025-06-26,Jugement d'ouverture de liquidation judiciaire,Jugement d'ouverture
904518222,2025-06-26,Jugement d'ouverture de liquidation judiciaire,Jugement d'ouverture
511470452,2025-06-27,Jugement de clôture pour insuffisance d'actif,Jugement de clôture
332802313,2025-06-30,Jugement de clôture pour insuffisance d'actif,Jugement de clôture
782615918,2025-06-30,Jugement de clôture pour insuffisance d'actif,Jugement de clôture
483454591,2025-07-03,Jugement de clôture pour insuffisance d'actif,Jugement de clôture
300882024,2025-07-04,Jugement d'ouverture d'une procédure de redressement judiciaire,Jugement d'ouverture
431696590,2025-07-04,Jugement de conversion en liquidation judiciaire,Jugement prononçant
877765636,2025-07-04,Jugement d'ouverture d'une procédure de redressement judiciaire,Jugement d'ouverture
334959012,2025-07-07,Jugement d'ouverture d'une procédure de redressement judiciaire,Jugement d'ouverture
820507549,2025-07-08,Jugement de clôture pour insuffisance d'actif,Jugement de clôture
804939049,2025-07-09,Jugement d'ouverture de liquidation judiciaire,Jugement d'ouverture
890959612,2025-07-09,Jugement d'ouverture de liquidation judiciaire,Jugement d'ouverture
390100923,2025-07-10,Jugement d'ouverture de liquidation judiciaire,Jugement d'ouverture
517991154,2025-07-10,Jugement de conversion en liquidation judiciaire,Jugement prononçant
304154800,2025-07-24,Jugement d'ouverture d'une procédure de redressement judiciaire,Jugement d'ouverture
895235430,2025-07-24,Autre jugement de clôture,Jugement de clôture
853313419,2025-07-30,Jugement d'ouverture de liquidation judiciaire,Jugement d'ouverture
911949501,2025-07-31,Jugement d'ouverture d'une procédure de redressement judiciaire,Jugement d'ouverture
522661651,2025-08-01,Jugement de clôture pour insuffisance d'actif,Jugement de clôture
899872238,2025-08-06,Autre jugement prononçant,Jugement prononçant
315213413,2025-08-07,Jugement d'ouverture d'une procédure de redressement judiciaire,Jugement d'ouverture
879088235,2025-08-19,Jugement d'ouverture de liquidation judiciaire,Jugement d'ouverture
838660603,2025-08-20,Jugement d'ouverture de liquidation judiciaire,Jugement d'ouverture
891296329,2025-08-20,Jugement d'ouverture d'une procédure de redressement judiciaire,Jugement d'ouverture
891631392,2025-08-20,Jugement d'ouverture d'une procédure de redressement judiciaire,Jugement d'ouverture
904862299,2025-08-20,Jugement d'ouverture d'une procédure de redressement judiciaire,Jugement d'ouverture
905238648,2025-08-20,Jugement d'ouverture d'une procédure de redressement judiciaire,Jugement d'ouverture
390912335,2025-08-21,Jugement d'ouverture d'une procédure de redressement judiciaire,Jugement d'ouverture
888428968,2025-08-25,Jugement de clôture pour insuffisance d'actif,Jugement de clôture
343249561,2025-08-28,Jugement d'ouverture de liquidation judiciaire,Jugement d'ouverture
379624323,2025-08-28,Jugement d'ouverture d'une procédure de sauvegarde,Jugement d'ouverture
923262802,2025-08-29,Jugement d'ouverture de liquidation judiciaire,Jugement d'ouverture
890967425,2025-09-03,Jugement d'ouverture de liquidation judiciaire,Jugement d'ouverture
881483390,2025-09-09,Jugement d'ouverture de liquidation judiciaire,Jugement d'ouverture
354049645,2025-09-11,Autre jugement prononçant,Jugement prononçant
417883832,2025-09-11,Jugement d'ouverture d'une procédure de redressement judiciaire,Jugement d'ouverture
828226704,2025-09-11,Jugement d'ouverture de liquidation judiciaire,Jugement d'ouverture
851444158,2025-09-16,Autre jugement prononçant,Jugement prononçant
890180334,2025-09-16,Jugement de clôture pour insuffisance d'actif,Jugement de clôture
448274365,2025-09-18,Jugement d'ouverture d'une procédure de redressement judiciaire,Jugement d'ouverture
775558893,2025-09-22,Dépôt de l'état des créances,Avis de dépôt
841312754,2025-09-23,Jugement d'ouverture de liquidation judiciaire,Jugement d'ouverture
844619973,2025-09-23,Jugement d'ouverture de liquidation judiciaire,Jugement d'ouverture
885190819,2025-09-23,Jugement d'ouverture de liquidation judiciaire,Jugement d'ouverture
387649304,2025-09-29,Autre jugement prononçant,Jugement prononçant
838937845,2025-09-29,Jugement d'ouverture de liquidation judiciaire,Jugement d'ouverture
844088252,2025-10-02,Jugement d'ouverture de liquidation judiciaire,Jugement d'ouverture
387636541,2025-10-03,Liste des créances nées après le jugement d'ouverture d'une procédure de liquidation judiciaire,Avis de dépôt
489519041,2025-10-03,Jugement d'ouverture de liquidation judiciaire,Jugement d'ouverture
833129273,2025-10-07,Jugement d'ouverture de liquidation judiciaire,Jugement d'ouverture
794648287,2025-10-09,Jugement d'ouverture d'une procédure de redressement judiciaire,Jugement d'ouverture
851623926,2025-10-09,Jugement d'ouverture d'une procédure de redressement judiciaire,Jugement d'ouverture
891631376,2025-10-09,Jugement d'ouverture d'une procédure de redressement judiciaire,Jugement d'ouverture
891869927,2025-10-09,Jugement d'ouverture d'une procédure de redressement judiciaire,Jugement d'ouverture
538265638,2025-10-15,Jugement d'ouverture de liquidation judiciaire,Jugement d'ouverture
498414838,2025-10-16,Jugement de clôture pour insuffisance d'actif,Jugement de clôture
888429040,2025-10-16,Jugement d'ouverture de liquidation judiciaire,Jugement d'ouverture
808964647,2025-10-20,Autre jugement de clôture,Jugement de clôture
851543785,2025-10-20,Autre jugement et ordonnance,Extrait de jugement
423974518,2025-10-22,Jugement d'ouverture d'une procédure de redressement judiciaire,Jugement d'ouverture
877978437,2025-10-24,Jugement d'ouverture de liquidation judiciaire,Jugement d'ouverture
921967360,2025-10-28,Jugement d'ouverture de liquidation judiciaire,Jugement d'ouverture
400486486,2025-10-29,Jugement d'ouverture de liquidation judiciaire,Jugement d'ouverture
350544763,2025-10-31,Jugement d'ouverture de liquidation judiciaire,Jugement d'ouverture
483163689,2025-10-31,Jugement d'ouverture de liquidation judiciaire,Jugement d'ouverture
512979360,2025-10-31,Jugement de clôture pour insuffisance d'actif,Jugement de clôture
332854991,2025-11-06,Jugement d'ouverture d'une procédure de sauvegarde,Jugement d'ouverture
448813352,2025-11-06,Jugement d'ouverture de liquidation judiciaire,Jugement d'ouverture
432308161,2025-11-10,Jugement de clôture pour insuffisance d'actif,Jugement de clôture
923217640,2025-11-14,Jugement de clôture pour insuffisance d'actif,Jugement de clôture
884451535,2025-11-17,Jugement d'ouverture de liquidation judiciaire,Jugement d'ouverture
849329057,2025-11-18,Jugement d'ouverture de liquidation judiciaire,Jugement d'ouverture
852522150,2025-11-18,Autre jugement et ordonnance,Extrait de jugement
512443540,2025-11-24,Jugement d'ouverture d'une procédure de redressement judiciaire,Jugement d'ouverture
877721415,2025-11-24,Autre jugement prononçant,Jugement prononçant
883647414,2025-11-24,Autre jugement prononçant,Jugement prononçant
410393482,2025-11-25,Jugement d'ouverture d'une procédure de redressement judiciaire,Jugement d'ouverture
520791039,2025-11-25,Jugement d'ouverture d'une procédure de redressement judiciaire,Jugement d'ouverture
400125670,2025-11-26,Jugement d'ouverture d'une procédure de sauvegarde,Jugement d'ouverture
800183808,2025-11-26,Jugement d'extension de liquidation judiciaire,Jugement d'ouverture
808814669,2025-11-26,Jugement d'ouverture de liquidation judiciaire,Jugement d'ouverture
900604810,2025-11-28,Liste des créances nées après le jugement d'ouverture d'une procédure de liquidation judiciaire,Avis de dépôt
312397177,2025-12-01,Autre jugement et ordonnance,Extrait de jugement
830291969,2025-12-01,Autre jugement et ordonnance,Extrait de jugement
489292326,2025-12-04,Jugement d'ouverture de liquidation judiciaire,Jugement d'ouverture
814145108,2025-12-04,Autre jugement et ordonnance,Extrait de jugement
889196507,2025-12-09,Jugement d'ouverture de liquidation judiciaire,Jugement d'ouverture
800481145,2026-01-14,Jugement d'extension d'une procédure de redressement judiciaire,Jugement d'ouverture
384651105,2026-01-15,Jugement d'ouverture de liquidation judiciaire,Jugement d'ouverture
804230696,2026-01-19,Autre jugement et ordonnance,Extrait de jugement
822018511,2026-01-19,Autre jugement et ordonnance,Extrait de jugement
923875405,2026-01-19,Autre jugement et ordonnance,Extrait de jugement
803492693,2026-01-20,Autre jugement et ordonnance,Extrait de jugement
751751900,2026-01-29,Autre jugement et ordonnance,Extrait de jugement
331552034,2026-01-30,Jugement d'ouverture de liquidation judiciaire,Jugement d'ouverture
919775411,2026-02-02,Jugement d'ouverture de liquidation judiciaire,Jugement d'ouverture
831742168,2026-02-12,Jugement d'ouverture de liquidation judiciaire,Jugement d'ouverture
909107310,2026-02-13,Autre jugement et ordonnance,Extrait de jugement
848526695,2026-02-16,Jugement d'ouverture de liquidation judiciaire,Jugement d'ouverture
878548171,2026-02-17,Autre jugement et ordonnance,Extrait de jugement
533681540,2026-02-19,Jugement d'ouverture de liquidation judiciaire,Jugement d'ouverture
477728901,2026-02-20,Jugement de clôture pour insuffisance d'actif,Jugement de clôture
488611369,2026-02-24,Autre jugement et ordonnance,Extrait de jugement
412578627,2026-02-26,Jugement d'ouverture de liquidation judiciaire,Jugement d'ouverture
830139366,2026-02-26,Autre jugement et ordonnance,Extrait de jugement
825335037,2026-02-27,Jugement d'ouverture de liquidation judiciaire,Jugement d'ouverture
800364150,2026-03-03,Jugement d'ouverture d'une procédure de redressement judiciaire,Jugement d'ouverture
811634427,2026-03-18,Jugement d'ouverture de liquidation judiciaire,Jugement d'ouverture
839375136,2026-03-18,Jugement d'ouverture d'une procédure de redressement judiciaire,Jugement d'ouverture
891074619,2026-03-18,Jugement d'ouverture de liquidation judiciaire,Jugement d'ouverture
805305851,2026-03-26,Jugement d'ouverture de liquidation judiciaire,Jugement d'ouverture
843490129,2026-03-27,Jugement d'ouverture de liquidation judiciaire,Jugement d'ouverture
905118550,2026-03-27,Jugement d'extension d'une procédure de redressement judiciaire,Jugement d'ouverture
300110392,2026-03-31,Autre jugement et ordonnance,Extrait de jugement
521945394,2026-03-31,Jugement d'ouverture de liquidation judiciaire,Jugement d'ouverture
853963502,2026-03-31,Autre jugement et ordonnance,Extrait de jugement
319606331,2026-04-02,Jugement d'ouverture de liquidation judiciaire,Jugement d'ouverture
890759152,2026-04-02,Jugement d'ouverture de liquidation judiciaire,Jugement d'ouverture
924289200,2026-04-02,Jugement d'ouverture de liquidation judiciaire,Jugement d'ouverture
312629710,2026-04-07,Autre jugement et ordonnance,Extrait de jugement
832068654,2026-04-08,Jugement d'ouverture d'une procédure de redressement judiciaire,Jugement d'ouverture
909163941,2026-04-08,Jugement d'ouverture d'une procédure de redressement judiciaire,Jugement d'ouverture
918068875,2026-04-08,Jugement d'ouverture de liquidation judiciaire,Jugement d'ouverture
923178503,2026-04-08,Jugement d'ouverture d'une procédure de redressement judiciaire,Jugement d'ouverture
923186787,2026-04-08,Jugement d'ouverture d'une procédure de redressement judiciaire,Jugement d'ouverture
819596123,2026-04-09,Jugement d'ouverture de liquidation judiciaire,Jugement d'ouverture
832572689,2026-04-09,Autre jugement et ordonnance,Extrait de jugement
893641902,2026-04-09,Autre jugement et ordonnance,Extrait de jugement
412243784,2026-04-13,Autre jugement et ordonnance,Extrait de jugement
332618131,2026-04-14,Jugement d'ouverture d'une procédure de sauvegarde,Jugement d'ouverture
879360014,2026-04-14,Jugement d'ouverture de liquidation judiciaire,Jugement d'ouverture
501971568,2026-04-29,Autre jugement et ordonnance,Extrait de jugement
